Sex,Centre,Cohort,Student Level,Paper Name,Paper Subject,Paper Level,Percentage
M,Bumpeh perri,2016,L1,Level 1 Mathematics,Mathematics,L1,86
M,Bumpeh perri,2016,L1,Level 1 Language,Language,L1,66
F,Bumpeh perri,2016,L1,Level 1 Language,Language,L1,71.4
F,Bumpeh perri,2016,L1,Level 1 Mathematics,Mathematics,L1,28.56
M,Bumpeh perri,2016,L1,Level 1 Mathematics,Mathematics,L1,100
M,Bumpeh perri,2016,L1,Level 1 Language,Language,L1,80.25
F,Bumpeh perri,2016,L1,Level 1 Language,Language,L1,30.45
F,Bumpeh perri,2016,L1,Level 1 Mathematics,Mathematics,L1,26.68
M,Bumpeh perri,2016,L1,Level 1 Mathematics,Mathematics,L1,58.83
M,Bumpeh perri,2016,L1,Level 1 Language,Language,L1,57.4
M,Bumpeh perri,2016,L1,Level 1 Mathematics,Mathematics,L1,100
M,Bumpeh perri,2016,L1,Level 1 Language,Language,L1,68.25
M,Bumpeh perri,2016,L1,Level 1 Language,Language,L1,48
M,Bumpeh perri,2016,L1,Level 1 Mathematics,Mathematics,L1,7.35
F,Bumpeh perri,2016,L1,Level 1 Mathematics,Mathematics,L1,29.92
F,Bumpeh perri,2016,L1,Level 1 Language,Language,L1,44.8
M,Bumpeh perri,2016,L1,Level 1 Mathematics,Mathematics,L1,82
M,Bumpeh perri,2016,L1,Level 1 Language,Language,L1,85.5
F,Bumpeh perri,2016,L1,Level 1 Mathematics,Mathematics,L1,100
F,Bumpeh perri,2016,L1,Level 1 Language,Language,L1,57.6
M,Bumpeh perri,2016,L1,Level 1 Mathematics,Mathematics,L1,96
M,Bumpeh perri,2016,L1,Level 1 Language,Language,L1,57.4
F,Bumpeh perri,2016,L1,Level 1 Mathematics,Mathematics,L1,65.6
F,Bumpeh perri,2016,L1,Level 1 Language,Language,L1,62.25
F,Bumpeh perri,2016,L1,Level 1 Mathematics,Mathematics,L1,100
F,Bumpeh perri,2016,L1,Level 1 Language,Language,L1,88.5
F,Bumpeh perri,2016,L1,Level 1 Mathematics,Mathematics,L1,81
F,Bumpeh perri,2016,L1,Level 1 Language,Language,L1,58.85
F,Bumpeh perri,2016,L1,Level 1 Mathematics,Mathematics,L1,95
F,Bumpeh perri,2016,L1,Level 1 Language,Language,L1,72.1
F,Bumpeh perri,2016,L1,Level 1 Mathematics,Mathematics,L1,70.4
F,Bumpeh perri,2016,L1,Level 1 Language,Language,L1,35
F,Bumpeh perri,2016,L1,Level 1 Mathematics,Mathematics,L1,92.16
F,Bumpeh perri,2016,L1,Level 1 Language,Language,L1,73.5
F,Bumpeh perri,2016,L1,Level 1 Mathematics,Mathematics,L1,73.6
F,Bumpeh perri,2016,L1,Level 1 Language,Language,L1,56.55
F,Bumpeh perri,2016,L1,Level 1 Language,Language,L1,13.8
F,Bumpeh perri,2016,L1,Level 1 Mathematics,Mathematics,L1,6.79
F,Bumpeh perri,2016,L1,Level 1 Mathematics,Mathematics,L1,93
F,Bumpeh perri,2016,L1,Level 1 Language,Language,L1,76.5
F,Bumpeh perri,2016,L1,Level 1 Mathematics,Mathematics,L1,85
M,Bumpeh perri,2016,L1,Level 1 Mathematics,Mathematics,L1,70.56
M,Bumpeh perri,2016,L1,Level 1 Language,Language,L1,74.25
M,Bumpeh perri,2016,L1,Level 1 Mathematics,Mathematics,L1,100
M,Bumpeh perri,2016,L1,Level 1 Language,Language,L1,27
M,Bumpeh perri,2016,L1,Level 1 Mathematics,Mathematics,L1,99
M,Bumpeh perri,2016,L1,Level 1 Language,Language,L1,82.5
M,Bumpeh perri,2016,L1,Level 1 Mathematics,Mathematics,L1,97.44
M,Bumpeh perri,2016,L1,Level 1 Language,Language,L1,43.5
F,Bumpeh perri,2016,L1,Level 1 Mathematics,Mathematics,L1,76.44
F,Bumpeh perri,2016,L1,Level 1 Language,Language,L1,86.25
F,Bumpeh perri,2016,L1,Level 1 Mathematics,Mathematics,L1,54.59
F,Bumpeh perri,2016,L1,Level 1 Language,Language,L1,64.4
F,Bumpeh perri,2016,L1,Level 1 Mathematics,Mathematics,L1,65.36
F,Bumpeh perri,2016,L1,Level 1 Language,Language,L1,52.2
M,Bumpeh perri,2016,L1,Level 1 Mathematics,Mathematics,L1,80
M,Bumpeh perri,2016,L1,Level 1 Language,Language,L1,66.75
M,Bumpeh perri,2016,L1,Level 1 Mathematics,Mathematics,L1,0
M,Bumpeh perri,2016,L1,Level 1 Language,Language,L1,0
M,Bumpeh perri,2016,L1,Level 1 Mathematics,Mathematics,L1,87
M,Bumpeh perri,2016,L1,Level 1 Language,Language,L1,76.5
M,Bumpeh perri,2016,L1,Level 1 Language,Language,L1,57.6
M,Bumpeh perri,2016,L1,Level 1 Mathematics,Mathematics,L1,11.44
F,Bumpeh perri,2016,L1,Level 1 Mathematics,Mathematics,L1,85
F,Bumpeh perri,2016,L1,Level 1 Language,Language,L1,79.8
F,Bumpeh perri,2016,L1,Level 1 Mathematics,Mathematics,L1,100
F,Bumpeh perri,2016,L1,Level 1 Language,Language,L1,67.6
F,Bumpeh perri,2016,L1,Level 1 Language,Language,L1,11.9
F,Bumpeh perri,2016,L1,Level 1 Mathematics,Mathematics,L1,2.55
F,Bumpeh perri,2016,L1,Level 1 Mathematics,Mathematics,L1,98.88
F,Bumpeh perri,2016,L1,Level 1 Language,Language,L1,74.9
F,Bumpeh perri,2016,L1,Level 1 Mathematics,Mathematics,L1,100
F,Bumpeh perri,2016,L1,Level 1 Language,Language,L1,64.4
F,Bumpeh perri,2016,L1,Level 1 Mathematics,Mathematics,L1,11.77
F,Bumpeh perri,2016,L1,Level 1 Language,Language,L1,16.2
F,Bumpeh perri,2016,L1,Level 1 Mathematics,Mathematics,L1,77.38
F,Bumpeh perri,2016,L1,Level 1 Language,Language,L1,45
F,Bumpeh perri,2016,L1,Level 1 Mathematics,Mathematics,L1,100
F,Bumpeh perri,2016,L1,Level 1 Language,Language,L1,67.9
F,Bumpeh perri,2016,L1,Level 1 Mathematics,Mathematics,L1,94
F,Bumpeh perri,2016,L1,Level 1 Language,Language,L1,74.25
F,Bumpeh perri,2016,L1,Level 1 Mathematics,Mathematics,L1,76.56
F,Bumpeh perri,2016,L1,Level 1 Language,Language,L1,66.5
F,Bumpeh perri,2016,L1,Level 1 Mathematics,Mathematics,L1,89.24
F,Bumpeh perri,2016,L1,Level 1 Language,Language,L1,77
M,Bumpeh perri,2016,L1,Level 1 Mathematics,Mathematics,L1,70.85
M,Bumpeh perri,2016,L1,Level 1 Language,Language,L1,71.4
F,Bumpeh perri,2016,L1,Level 1 Language,Language,L1,25.5
F,Bumpeh perri,2016,L1,Level 1 Mathematics,Mathematics,L1,2.79
F,Bumpeh perri,2016,L1,Level 1 Language,Language,L1,29
F,Bumpeh perri,2016,L1,Level 1 Mathematics,Mathematics,L1,13.09
F,Bumpeh perri,2016,L1,Level 1 Mathematics,Mathematics,L1,63.84
F,Bumpeh perri,2016,L1,Level 1 Language,Language,L1,60.2
F,Bumpeh perri,2016,L1,Level 1 Mathematics,Mathematics,L1,97
F,Bumpeh perri,2016,L1,Level 1 Language,Language,L1,68.25
F,Bumpeh perri,2016,L1,Level 1 Language,Language,L1,35.6
F,Bumpeh perri,2016,L1,Level 1 Mathematics,Mathematics,L1,0
M,Bumpeh perri,2016,L1,Level 1 Mathematics,Mathematics,L1,85.36
M,Bumpeh perri,2016,L1,Level 1 Language,Language,L1,72
M,Bumpeh perri,2016,L1,Level 1 Mathematics,Mathematics,L1,100
M,Bumpeh perri,2016,L1,Level 1 Language,Language,L1,89.25
M,Bumpeh perri,2016,L1,Level 1 Mathematics,Mathematics,L1,91.08
M,Bumpeh perri,2016,L1,Level 1 Language,Language,L1,53.4
M,Bumpeh perri,2016,L1A,Level 1A Mathematics,Mathematics,L1A,100
M,Bumpeh perri,2016,L1A,Level 1A Language,Language,L1A,86.49
M,Bumpeh perri,2016,L1A,Level 1A Mathematics,Mathematics,L1A,100
M,Bumpeh perri,2016,L1A,Level 1A Language,Language,L1A,95
M,Bumpeh perri,2016,L1A,Level 1A Mathematics,Mathematics,L1A,77.35
M,Bumpeh perri,2016,L1A,Level 1A Language,Language,L1A,74.4
M,Bumpeh perri,2016,L1A,Level 1A Mathematics,Mathematics,L1A,84.63
M,Bumpeh perri,2016,L1A,Level 1A Language,Language,L1A,96
M,Bumpeh perri,2016,L1A,Level 1A Mathematics,Mathematics,L1A,70.5
M,Bumpeh perri,2016,L1A,Level 1A Language,Language,L1A,100
M,Bumpeh perri,2016,L1A,Level 1A Mathematics,Mathematics,L1A,100
M,Bumpeh perri,2016,L1A,Level 1A Language,Language,L1A,98
M,Bumpeh perri,2016,L1A,Level 1A Mathematics,Mathematics,L1A,99
M,Bumpeh perri,2016,L1A,Level 1A Language,Language,L1A,87.42
F,Bumpeh perri,2016,L1A,Level 1A Language,Language,L1A,98.9
F,Bumpeh perri,2016,L1A,Level 1A Mathematics,Mathematics,L1A,10.68
M,Bumpeh perri,2016,L1A,Level 1A Mathematics,Mathematics,L1A,91.91
M,Bumpeh perri,2016,L1A,Level 1A Language,Language,L1A,100
F,Bumpeh perri,2016,L1A,Level 1A Mathematics,Mathematics,L1A,100
F,Bumpeh perri,2016,L1A,Level 1A Language,Language,L1A,100
F,Bumpeh perri,2016,L1A,Level 1A Mathematics,Mathematics,L1A,100
F,Bumpeh perri,2016,L1A,Level 1A Language,Language,L1A,89.28
F,Bumpeh perri,2016,L1A,Level 1A Mathematics,Mathematics,L1A,83
F,Bumpeh perri,2016,L1A,Level 1A Language,Language,L1A,100
F,Bumpeh perri,2016,L1A,Level 1A Mathematics,Mathematics,L1A,67.15
F,Bumpeh perri,2016,L1A,Level 1A Language,Language,L1A,78.11
M,Bumpeh perri,2016,L1A,Level 1A Language,Language,L1A,80.3
M,Bumpeh perri,2016,L1A,Level 1A Mathematics,Mathematics,L1A,12.8
F,Bumpeh perri,2016,L1A,Level 1A Mathematics,Mathematics,L1A,89
F,Bumpeh perri,2016,L1A,Level 1A Language,Language,L1A,90
M,Bumpeh perri,2016,L1A,Level 1A Mathematics,Mathematics,L1A,68.73
M,Bumpeh perri,2016,L1A,Level 1A Language,Language,L1A,93
M,Bumpeh perri,2016,L1A,Level 1A Mathematics,Mathematics,L1A,93.1
M,Bumpeh perri,2016,L1A,Level 1A Language,Language,L1A,67.89
F,Bumpeh perri,2016,L1A,Level 1A Mathematics,Mathematics,L1A,96.57
F,Bumpeh perri,2016,L1A,Level 1A Language,Language,L1A,88.58
F,Bumpeh perri,2016,L1A,Level 1A Mathematics,Mathematics,L1A,64.68
F,Bumpeh perri,2016,L1A,Level 1A Language,Language,L1A,78.12
M,Bumpeh perri,2016,L1A,Level 1A Mathematics,Mathematics,L1A,87
M,Bumpeh perri,2016,L1A,Level 1A Language,Language,L1A,100
M,Bumpeh perri,2016,L1A,Level 1A Mathematics,Mathematics,L1A,100
M,Bumpeh perri,2016,L1A,Level 1A Language,Language,L1A,100
M,Bumpeh perri,2016,L1A,Level 1A Mathematics,Mathematics,L1A,100
M,Bumpeh perri,2016,L1A,Level 1A Language,Language,L1A,100
M,Bumpeh perri,2016,L1A,Level 1A Mathematics,Mathematics,L1A,72.21
M,Bumpeh perri,2016,L1A,Level 1A Language,Language,L1A,88.35
F,Bumpeh perri,2016,L1A,Level 1A Mathematics,Mathematics,L1A,46.4
F,Bumpeh perri,2016,L1A,Level 1A Language,Language,L1A,76.65
M,Bumpeh perri,2016,L1A,Level 1A Mathematics,Mathematics,L1A,100
M,Bumpeh perri,2016,L1A,Level 1A Language,Language,L1A,100
F,Bumpeh perri,2016,L1A,Level 1A Mathematics,Mathematics,L1A,79.17
F,Bumpeh perri,2016,L1A,Level 1A Language,Language,L1A,84.28
M,Bumpeh perri,2016,L1A,Level 1A Mathematics,Mathematics,L1A,71.25
M,Bumpeh perri,2016,L1A,Level 1A Language,Language,L1A,100
F,Bumpeh perri,2016,L1A,Level 1A Mathematics,Mathematics,L1A,78.75
F,Bumpeh perri,2016,L1A,Level 1A Language,Language,L1A,90
M,Bumpeh perri,2016,L1A,Level 1A Mathematics,Mathematics,L1A,84
M,Bumpeh perri,2016,L1A,Level 1A Language,Language,L1A,98.58
F,Bumpeh perri,2016,L1A,Level 1A Mathematics,Mathematics,L1A,75.24
F,Bumpeh perri,2016,L1A,Level 1A Language,Language,L1A,100
F,Bumpeh perri,2016,L1A,Level 1A Mathematics,Mathematics,L1A,78.85
F,Bumpeh perri,2016,L1A,Level 1A Language,Language,L1A,83.7
F,Bumpeh perri,2016,L1A,Level 1A Mathematics,Mathematics,L1A,77.25
F,Bumpeh perri,2016,L1A,Level 1A Language,Language,L1A,80.84
F,Bumpeh perri,2016,L1A,Level 1A Mathematics,Mathematics,L1A,76.95
F,Bumpeh perri,2016,L1A,Level 1A Language,Language,L1A,100
M,Bumpeh perri,2016,L1A,Level 1A Mathematics,Mathematics,L1A,86.45
M,Bumpeh perri,2016,L1A,Level 1A Language,Language,L1A,100
F,Bumpeh perri,2016,L1A,Level 1A Mathematics,Mathematics,L1A,100
F,Bumpeh perri,2016,L1A,Level 1A Language,Language,L1A,100
M,Bumpeh perri,2016,L1A,Level 1A Mathematics,Mathematics,L1A,100
M,Bumpeh perri,2016,L1A,Level 1A Language,Language,L1A,92
F,Bumpeh perri,2016,L1A,Level 1A Mathematics,Mathematics,L1A,73.5
F,Bumpeh perri,2016,L1A,Level 1A Language,Language,L1A,87
F,Bumpeh perri,2016,L1A,Level 1A Mathematics,Mathematics,L1A,100
F,Bumpeh perri,2016,L1A,Level 1A Language,Language,L1A,82
F,Bumpeh perri,2016,L1A,Level 1A Mathematics,Mathematics,L1A,85.5
F,Bumpeh perri,2016,L1A,Level 1A Language,Language,L1A,94.6
F,Bumpeh perri,2016,L1A,Level 1A Mathematics,Mathematics,L1A,100
F,Bumpeh perri,2016,L1A,Level 1A Language,Language,L1A,86
F,Bumpeh perri,2016,L1A,Level 1A Mathematics,Mathematics,L1A,77.25
F,Bumpeh perri,2016,L1A,Level 1A Language,Language,L1A,100
F,Bumpeh perri,2016,L1A,Level 1A Mathematics,Mathematics,L1A,92
F,Bumpeh perri,2016,L1A,Level 1A Language,Language,L1A,83
M,Bumpeh perri,2016,L1A,Level 1A Mathematics,Mathematics,L1A,95.95
M,Bumpeh perri,2016,L1A,Level 1A Language,Language,L1A,92
M,Bumpeh perri,2016,L1A,Level 1A Mathematics,Mathematics,L1A,91.35
M,Bumpeh perri,2016,L1A,Level 1A Language,Language,L1A,100
F,Bumpeh perri,2016,L1A,Level 1A Mathematics,Mathematics,L1A,100
F,Bumpeh perri,2016,L1A,Level 1A Language,Language,L1A,82
M,Bumpeh perri,2016,L2,Level 2 Mathematics,Mathematics,L2,78.66
M,Bumpeh perri,2016,L2,Level 2 Language,Language,L2,39.99
M,Bumpeh perri,2016,L2,Level 2 Mathematics,Mathematics,L2,88.92
M,Bumpeh perri,2016,L2,Level 2 Language,Language,L2,53.2
M,Bumpeh perri,2016,L2,Level 2 Mathematics,Mathematics,L2,70.08
M,Bumpeh perri,2016,L2,Level 2 Language,Language,L2,42.18
F,Bumpeh perri,2016,L2,Level 2 Mathematics,Mathematics,L2,55.12
F,Bumpeh perri,2016,L2,Level 2 Language,Language,L2,27.59
M,Bumpeh perri,2016,L2,Level 2 Mathematics,Mathematics,L2,55.2
M,Bumpeh perri,2016,L2,Level 2 Language,Language,L2,40.42
M,Bumpeh perri,2016,L2,Level 2 Mathematics,Mathematics,L2,48.3
M,Bumpeh perri,2016,L2,Level 2 Language,Language,L2,29.6
M,Bumpeh perri,2016,L2,Level 2 Mathematics,Mathematics,L2,89.88
M,Bumpeh perri,2016,L2,Level 2 Mathematics,Mathematics,L2,38.22
M,Bumpeh perri,2016,L2,Level 2 Language,Language,L2,24
F,Bumpeh perri,2016,L2,Level 2 Mathematics,Mathematics,L2,72.27
F,Bumpeh perri,2016,L2,Level 2 Language,Language,L2,31
F,Bumpeh perri,2016,L2,Level 2 Mathematics,Mathematics,L2,69.16
F,Bumpeh perri,2016,L2,Level 2 Language,Language,L2,49.88
F,Bumpeh perri,2016,L2,Level 2 Mathematics,Mathematics,L2,58.14
F,Bumpeh perri,2016,L2,Level 2 Language,Language,L2,32.19
F,Bumpeh perri,2016,L2,Level 2 Mathematics,Mathematics,L2,57.24
F,Bumpeh perri,2016,L2,Level 2 Language,Language,L2,51.17
F,Bumpeh perri,2016,L2,Level 2 Mathematics,Mathematics,L2,75.19
F,Bumpeh perri,2016,L2,Level 2 Language,Language,L2,45.15
M,Bumpeh perri,2016,L2,Level 2 Mathematics,Mathematics,L2,85.12
M,Bumpeh perri,2016,L2,Level 2 Language,Language,L2,60
F,Gbondapi,2016,L1,Level 1 Mathematics,Mathematics,L1,41
F,Gbondapi,2016,L1,Level 1 Language,Language,L1,26.25
M,Gbondapi,2016,L1,Level 1 Language,Language,L1,96
M,Gbondapi,2016,L1,Level 1 Mathematics,Mathematics,L1,61
F,Gbondapi,2016,L1,Level 1 Mathematics,Mathematics,L1,30.9
F,Gbondapi,2016,L1,Level 1 Language,Language,L1,30.6
M,Gbondapi,2016,L1,Level 1 Mathematics,Mathematics,L1,66.12
M,Gbondapi,2016,L1,Level 1 Language,Language,L1,65.1
F,Gbondapi,2016,L1,Level 1 Mathematics,Mathematics,L1,82.08
F,Gbondapi,2016,L1,Level 1 Language,Language,L1,62.3
F,Gbondapi,2016,L1,Level 1 Mathematics,Mathematics,L1,69.92
F,Gbondapi,2016,L1,Level 1 Language,Language,L1,79.9
M,Gbondapi,2016,L1,Level 1 Mathematics,Mathematics,L1,72.27
M,Gbondapi,2016,L1,Level 1 Language,Language,L1,72.75
M,Gbondapi,2016,L1,Level 1 Mathematics,Mathematics,L1,77.97
M,Gbondapi,2016,L1,Level 1 Language,Language,L1,32.7
F,Gbondapi,2016,L1,Level 1 Mathematics,Mathematics,L1,41.8
F,Gbondapi,2016,L1,Level 1 Language,Language,L1,38.8
F,Gbondapi,2016,L1,Level 1 Mathematics,Mathematics,L1,68.88
F,Gbondapi,2016,L1,Level 1 Language,Language,L1,63
F,Gbondapi,2016,L1,Level 1 Mathematics,Mathematics,L1,85.12
F,Gbondapi,2016,L1,Level 1 Language,Language,L1,81.9
F,Gbondapi,2016,L1,Level 1 Language,Language,L1,42
F,Gbondapi,2016,L1,Level 1 Mathematics,Mathematics,L1,22.62
M,Gbondapi,2016,L1,Level 1 Mathematics,Mathematics,L1,21.85
M,Gbondapi,2016,L1,Level 1 Language,Language,L1,14.7
M,Gbondapi,2016,L1,Level 1 Mathematics,Mathematics,L1,47
M,Gbondapi,2016,L1,Level 1 Language,Language,L1,32.4
F,Gbondapi,2016,L1,Level 1 Mathematics,Mathematics,L1,33.44
F,Gbondapi,2016,L1,Level 1 Language,Language,L1,36.8
F,Gbondapi,2016,L1,Level 1 Mathematics,Mathematics,L1,41.16
F,Gbondapi,2016,L1,Level 1 Language,Language,L1,31.5
F,Gbondapi,2016,L1,Level 1 Mathematics,Mathematics,L1,84
F,Gbondapi,2016,L1,Level 1 Language,Language,L1,90.25
M,Gbondapi,2016,L1,Level 1 Mathematics,Mathematics,L1,70.85
M,Gbondapi,2016,L1,Level 1 Language,Language,L1,58.8
F,Gbondapi,2016,L1,Level 1 Language,Language,L1,76.5
F,Gbondapi,2016,L1,Level 1 Mathematics,Mathematics,L1,51.41
F,Gbondapi,2016,L1,Level 1 Language,Language,L1,25.8
F,Gbondapi,2016,L1,Level 1 Mathematics,Mathematics,L1,20.14
F,Gbondapi,2016,L1,Level 1 Language,Language,L1,80.8
F,Gbondapi,2016,L1,Level 1 Mathematics,Mathematics,L1,51.5
F,Gbondapi,2016,L1,Level 1 Mathematics,Mathematics,L1,69.92
F,Gbondapi,2016,L1,Level 1 Language,Language,L1,93.6
F,Gbondapi,2016,L1,Level 1 Mathematics,Mathematics,L1,53.07
F,Gbondapi,2016,L1,Level 1 Language,Language,L1,46.75
F,Gbondapi,2016,L1,Level 1 Language,Language,L1,33.25
F,Gbondapi,2016,L1,Level 1 Mathematics,Mathematics,L1,23.66
F,Gbondapi,2016,L1,Level 1 Mathematics,Mathematics,L1,79.57
F,Gbondapi,2016,L1,Level 1 Language,Language,L1,32.2
M,Gbondapi,2016,L1,Level 1 Mathematics,Mathematics,L1,55.86
M,Gbondapi,2016,L1,Level 1 Language,Language,L1,40
M,Gbondapi,2016,L1,Level 1 Mathematics,Mathematics,L1,30.68
M,Gbondapi,2016,L1,Level 1 Language,Language,L1,17.6
M,Gbondapi,2016,L1,Level 1 Mathematics,Mathematics,L1,68.62
M,Gbondapi,2016,L1,Level 1 Language,Language,L1,74.4
F,Gbondapi,2016,L1,Level 1 Mathematics,Mathematics,L1,38.76
F,Gbondapi,2016,L1,Level 1 Language,Language,L1,21.75
M,Gbondapi,2016,L1,Level 1 Mathematics,Mathematics,L1,60.45
M,Gbondapi,2016,L1,Level 1 Language,Language,L1,40
M,Gbondapi,2016,L1,Level 1 Mathematics,Mathematics,L1,31.28
M,Gbondapi,2016,L1,Level 1 Language,Language,L1,23.5
M,Gbondapi,2016,L1,Level 1 Language,Language,L1,59.95
M,Gbondapi,2016,L1,Level 1 Mathematics,Mathematics,L1,34.2
F,Gbondapi,2016,L1,Level 1 Mathematics,Mathematics,L1,62.7
F,Gbondapi,2016,L1,Level 1 Language,Language,L1,34.65
F,Gbondapi,2016,L1,Level 1 Mathematics,Mathematics,L1,75.4
F,Gbondapi,2016,L1,Level 1 Language,Language,L1,28.5
F,Gbondapi,2016,L1,Level 1 Language,Language,L1,25.5
F,Gbondapi,2016,L1,Level 1 Mathematics,Mathematics,L1,15.75
M,Gbondapi,2016,L1,Level 1 Mathematics,Mathematics,L1,57.2
M,Gbondapi,2016,L1,Level 1 Language,Language,L1,32.8
F,Gbondapi,2016,L1,Level 1 Mathematics,Mathematics,L1,55.29
F,Gbondapi,2016,L1,Level 1 Language,Language,L1,50.6
M,Gbondapi,2016,L1,Level 1 Mathematics,Mathematics,L1,71.5
M,Gbondapi,2016,L1,Level 1 Language,Language,L1,69
M,Gbondapi,2016,L1,Level 1 Mathematics,Mathematics,L1,50
M,Gbondapi,2016,L1,Level 1 Language,Language,L1,31.2
F,Gbondapi,2016,L1,Level 1 Mathematics,Mathematics,L1,56.12
F,Gbondapi,2016,L1,Level 1 Language,Language,L1,26.7
F,Gbondapi,2016,L1,Level 1 Mathematics,Mathematics,L1,53
F,Gbondapi,2016,L1,Level 1 Language,Language,L1,55.55
F,Gbondapi,2016,L1,Level 1 Mathematics,Mathematics,L1,76.8
F,Gbondapi,2016,L1,Level 1 Language,Language,L1,18.4
M,Gbondapi,2016,L1,Level 1 Mathematics,Mathematics,L1,48.72
M,Gbondapi,2016,L1,Level 1 Language,Language,L1,41
M,Gbondapi,2016,L1,Level 1 Mathematics,Mathematics,L1,58.4
M,Gbondapi,2016,L1,Level 1 Language,Language,L1,56.65
F,Gbondapi,2016,L1,Level 1 Mathematics,Mathematics,L1,50.73
F,Gbondapi,2016,L1,Level 1 Language,Language,L1,20.5
F,Gbondapi,2016,L1,Level 1 Mathematics,Mathematics,L1,25.76
F,Gbondapi,2016,L1,Level 1 Language,Language,L1,25
F,Gbondapi,2016,L1A,Level 1A Mathematics,Mathematics,L1A,73.5
F,Gbondapi,2016,L1A,Level 1A Language,Language,L1A,66.4
F,Gbondapi,2016,L1A,Level 1A Mathematics,Mathematics,L1A,100
F,Gbondapi,2016,L1A,Level 1A Language,Language,L1A,44
F,Gbondapi,2016,L1A,Level 1A Language,Language,L1A,100
F,Gbondapi,2016,L1A,Level 1A Mathematics,Mathematics,L1A,100
F,Gbondapi,2016,L1A,Level 1A Language,Language,L1A,81
F,Gbondapi,2016,L1A,Level 1A Mathematics,Mathematics,L1A,99
F,Gbondapi,2016,L1A,Level 1A Language,Language,L1A,82
F,Gbondapi,2016,L1A,Level 1A Mathematics,Mathematics,L1A,76.56
F,Gbondapi,2016,L1A,Level 1A Language,Language,L1A,65.6
F,Gbondapi,2016,L1A,Level 1A Mathematics,Mathematics,L1A,83.72
F,Gbondapi,2016,L1A,Level 1A Language,Language,L1A,67.2
M,Gbondapi,2016,L1A,Level 1A Mathematics,Mathematics,L1A,91.91
M,Gbondapi,2016,L1A,Level 1A Language,Language,L1A,97.65
F,Gbondapi,2016,L1A,Level 1A Mathematics,Mathematics,L1A,90.24
F,Gbondapi,2016,L1A,Level 1A Language,Language,L1A,88
M,Gbondapi,2016,L1A,Level 1A Mathematics,Mathematics,L1A,84
M,Gbondapi,2016,L1A,Level 1A Language,Language,L1A,94.6
F,Gbondapi,2016,L1A,Level 1A Mathematics,Mathematics,L1A,84.64
F,Gbondapi,2016,L1A,Level 1A Language,Language,L1A,62.54
F,Gbondapi,2016,L1A,Level 1A Mathematics,Mathematics,L1A,95
F,Gbondapi,2016,L1A,Level 1A Language,Language,L1A,98.58
M,Gbondapi,2016,L1A,Level 1A Mathematics,Mathematics,L1A,100
M,Gbondapi,2016,L1A,Level 1A Language,Language,L1A,79.98
F,Gbondapi,2016,L1A,Level 1A Mathematics,Mathematics,L1A,69.52
F,Gbondapi,2016,L1A,Level 1A Language,Language,L1A,52.8
F,Gbondapi,2016,L1A,Level 1A Mathematics,Mathematics,L1A,100
F,Gbondapi,2016,L1A,Level 1A Language,Language,L1A,92.07
F,Gbondapi,2016,L1A,Level 1A Mathematics,Mathematics,L1A,66.4
F,Gbondapi,2016,L1A,Level 1A Language,Language,L1A,94
F,Gbondapi,2016,L1A,Level 1A Mathematics,Mathematics,L1A,60.76
F,Gbondapi,2016,L1A,Level 1A Language,Language,L1A,41.6
F,Gbondapi,2016,L1A,Level 1A Mathematics,Mathematics,L1A,81.75
F,Gbondapi,2016,L1A,Level 1A Language,Language,L1A,52.2
F,Gbondapi,2016,L1A,Level 1A Mathematics,Mathematics,L1A,100
F,Gbondapi,2016,L1A,Level 1A Language,Language,L1A,96
M,Gbondapi,2016,L1A,Level 1A Mathematics,Mathematics,L1A,84
M,Gbondapi,2016,L1A,Level 1A Language,Language,L1A,71.38
F,Gbondapi,2016,L1A,Level 1A Mathematics,Mathematics,L1A,81.6
F,Gbondapi,2016,L1A,Level 1A Language,Language,L1A,63.6
M,Gbondapi,2016,L1A,Level 1A Mathematics,Mathematics,L1A,82
M,Gbondapi,2016,L1A,Level 1A Language,Language,L1A,100
F,Gbondapi,2016,L1A,Level 1A Mathematics,Mathematics,L1A,79.68
F,Gbondapi,2016,L1A,Level 1A Language,Language,L1A,59.86
F,Gbondapi,2016,L1A,Level 1A Mathematics,Mathematics,L1A,96
F,Gbondapi,2016,L1A,Level 1A Language,Language,L1A,70.4
M,Gbondapi,2016,L1A,Level 1A Mathematics,Mathematics,L1A,97.94
M,Gbondapi,2016,L1A,Level 1A Language,Language,L1A,46.8
F,Gbondapi,2016,L1A,Level 1A Language,Language,L1A,64.24
F,Gbondapi,2016,L1A,Level 1A Mathematics,Mathematics,L1A,63
F,Gbondapi,2016,L1A,Level 1A Language,Language,L1A,66
M,Gbondapi,2016,L1A,Level 1A Mathematics,Mathematics,L1A,79.79
M,Gbondapi,2016,L1A,Level 1A Language,Language,L1A,78.4
F,Gbondapi,2016,L1A,Level 1A Mathematics,Mathematics,L1A,80.91
F,Gbondapi,2016,L1A,Level 1A Language,Language,L1A,66.43
F,Gbondapi,2016,L1A,Level 1A Language,Language,L1A,100
F,Gbondapi,2016,L1A,Level 1A Mathematics,Mathematics,L1A,100
F,Gbondapi,2016,L1A,Level 1A Language,Language,L1A,94.6
M,Gbondapi,2016,L1A,Level 1A Language,Language,L1A,87.6
F,Gbondapi,2016,L1A,Level 1A Mathematics,Mathematics,L1A,100
F,Gbondapi,2016,L1A,Level 1A Language,Language,L1A,84.8
M,Gbondapi,2016,L1A,Level 1A Mathematics,Mathematics,L1A,66.36
M,Gbondapi,2016,L1A,Level 1A Language,Language,L1A,62.78
M,Gbondapi,2016,L1A,Level 1A Mathematics,Mathematics,L1A,94.05
M,Gbondapi,2016,L1A,Level 1A Language,Language,L1A,97.18
M,Gbondapi,2016,L1A,Level 1A Mathematics,Mathematics,L1A,81.6
M,Gbondapi,2016,L1A,Level 1A Language,Language,L1A,95.46
M,Gbondapi,2016,L1A,Level 1A Mathematics,Mathematics,L1A,86.13
M,Gbondapi,2016,L1A,Level 1A Language,Language,L1A,79.2
F,Gbondapi,2016,L1A,Level 1A Mathematics,Mathematics,L1A,73.5
F,Gbondapi,2016,L1A,Level 1A Language,Language,L1A,100
F,Gbondapi,2016,L1A,Level 1A Mathematics,Mathematics,L1A,72.21
F,Gbondapi,2016,L1A,Level 1A Language,Language,L1A,63.51
M,Gbondapi,2016,L1A,Level 1A Mathematics,Mathematics,L1A,87.4
M,Gbondapi,2016,L1A,Level 1A Language,Language,L1A,90.21
F,Gbondapi,2016,L1A,Level 1A Mathematics,Mathematics,L1A,100
F,Gbondapi,2016,L1A,Level 1A Language,Language,L1A,95
M,Gbondapi,2016,L1A,Level 1A Mathematics,Mathematics,L1A,100
M,Gbondapi,2016,L1A,Level 1A Language,Language,L1A,89.28
F,Gbondapi,2016,L1A,Level 1A Mathematics,Mathematics,L1A,100
F,Gbondapi,2016,L1A,Level 1A Language,Language,L1A,40.48
M,Gbondapi,2016,L1A,Level 1A Mathematics,Mathematics,L1A,78.2
M,Gbondapi,2016,L1A,Level 1A Language,Language,L1A,53.82
F,Gbondapi,2016,L1A,Level 1A Mathematics,Mathematics,L1A,87
F,Gbondapi,2016,L1A,Level 1A Language,Language,L1A,100
F,Gbondapi,2016,L1A,Level 1A Mathematics,Mathematics,L1A,87.87
F,Gbondapi,2016,L1A,Level 1A Language,Language,L1A,99.51
M,Gbondapi,2016,L1A,Level 1A Mathematics,Mathematics,L1A,100
M,Gbondapi,2016,L1A,Level 1A Language,Language,L1A,95
M,Gbondapi,2016,L2,Level 2 Mathematics,Mathematics,L2,100
M,Gbondapi,2016,L2,Level 2 Language,Language,L2,76.16
M,Gbondapi,2016,L2,Level 2 Mathematics,Mathematics,L2,100
M,Gbondapi,2016,L2,Level 2 Language,Language,L2,59.5
F,Gbondapi,2016,L2,Level 2 Mathematics,Mathematics,L2,100
F,Gbondapi,2016,L2,Level 2 Language,Language,L2,74.4
F,Gbondapi,2016,L2,Level 2 Mathematics,Mathematics,L2,98
F,Gbondapi,2016,L2,Level 2 Language,Language,L2,65.96
M,Gbondapi,2016,L2,Level 2 Mathematics,Mathematics,L2,100
M,Gbondapi,2016,L2,Level 2 Language,Language,L2,84.75
F,Gbondapi,2016,L2,Level 2 Mathematics,Mathematics,L2,99.36
F,Gbondapi,2016,L2,Level 2 Language,Language,L2,73.44
F,Gbondapi,2016,L2,Level 2 Mathematics,Mathematics,L2,84
F,Gbondapi,2016,L2,Level 2 Language,Language,L2,50.74
F,Jendema,2016,L1,Level 1 Mathematics,Mathematics,L1,84.68
F,Jendema,2016,L1,Level 1 Language,Language,L1,78.75
M,Jendema,2016,L1,Level 1 Language,Language,L1,39.6
M,Jendema,2016,L1,Level 1 Mathematics,Mathematics,L1,21.32
F,Jendema,2016,L1,Level 1 Mathematics,Mathematics,L1,86.4
M,Jendema,2016,L1,Level 1 Language,Language,L1,95.2
M,Jendema,2016,L1,Level 1 Mathematics,Mathematics,L1,57
M,Jendema,2016,L1,Level 1 Language,Language,L1,52
M,Jendema,2016,L1,Level 1 Mathematics,Mathematics,L1,38.38
M,Jendema,2016,L1,Level 1 Mathematics,Mathematics,L1,100
M,Jendema,2016,L1,Level 1 Language,Language,L1,84.15
M,Jendema,2016,L1,Level 1 Language,Language,L1,65.8
M,Jendema,2016,L1,Level 1 Mathematics,Mathematics,L1,57.5
F,Jendema,2016,L1,Level 1 Mathematics,Mathematics,L1,48.5
F,Jendema,2016,L1,Level 1 Language,Language,L1,30.8
M,Jendema,2016,L1,Level 1 Mathematics,Mathematics,L1,100
M,Jendema,2016,L1,Level 1 Language,Language,L1,100
M,Jendema,2016,L1,Level 1 Mathematics,Mathematics,L1,83.2
M,Jendema,2016,L1,Level 1 Language,Language,L1,77.7
F,Jendema,2016,L1,Level 1 Mathematics,Mathematics,L1,85.56
F,Jendema,2016,L1,Level 1 Language,Language,L1,74.8
M,Jendema,2016,L1,Level 1 Mathematics,Mathematics,L1,48.3
M,Jendema,2016,L1,Level 1 Language,Language,L1,40.25
M,Jendema,2016,L1,Level 1 Mathematics,Mathematics,L1,50.6
M,Jendema,2016,L1,Level 1 Language,Language,L1,39.6
F,Jendema,2016,L1,Level 1 Mathematics,Mathematics,L1,100
F,Jendema,2016,L1,Level 1 Language,Language,L1,35.2
M,Jendema,2016,L1,Level 1 Mathematics,Mathematics,L1,50
M,Jendema,2016,L1,Level 1 Language,Language,L1,57
F,Jendema,2016,L1,Level 1 Language,Language,L1,32.1
F,Jendema,2016,L1,Level 1 Mathematics,Mathematics,L1,2.91
M,Jendema,2016,L1,Level 1 Mathematics,Mathematics,L1,29.4
M,Jendema,2016,L1,Level 1 Language,Language,L1,12
M,Jendema,2016,L1,Level 1 Language,Language,L1,73.5
M,Jendema,2016,L1,Level 1 Mathematics,Mathematics,L1,52
M,Jendema,2016,L1,Level 1 Mathematics,Mathematics,L1,75.2
M,Jendema,2016,L1,Level 1 Language,Language,L1,66
M,Jendema,2016,L1,Level 1 Mathematics,Mathematics,L1,34.68
M,Jendema,2016,L1,Level 1 Language,Language,L1,42.75
F,Jendema,2016,L1,Level 1 Mathematics,Mathematics,L1,81.76
M,Jendema,2016,L1,Level 1 Mathematics,Mathematics,L1,60.03
M,Jendema,2016,L1,Level 1 Language,Language,L1,69.55
M,Jendema,2016,L1,Level 1 Mathematics,Mathematics,L1,100
M,Jendema,2016,L1,Level 1 Language,Language,L1,72
F,Jendema,2016,L1,Level 1 Mathematics,Mathematics,L1,71.2
F,Jendema,2016,L1,Level 1 Language,Language,L1,100
M,Jendema,2016,L1,Level 1 Mathematics,Mathematics,L1,100
M,Jendema,2016,L1,Level 1 Language,Language,L1,52.8
M,Jendema,2016,L1,Level 1 Mathematics,Mathematics,L1,48.76
M,Jendema,2016,L1,Level 1 Language,Language,L1,53
M,Jendema,2016,L1,Level 1 Mathematics,Mathematics,L1,100
M,Jendema,2016,L1,Level 1 Language,Language,L1,81
M,Jendema,2016,L1,Level 1 Mathematics,Mathematics,L1,54.74
M,Jendema,2016,L1,Level 1 Language,Language,L1,43.2
M,Jendema,2016,L1,Level 1 Language,Language,L1,82.6
M,Jendema,2016,L1,Level 1 Mathematics,Mathematics,L1,58.83
M,Jendema,2016,L1,Level 1 Language,Language,L1,58.8
M,Jendema,2016,L1,Level 1 Mathematics,Mathematics,L1,40.48
M,Jendema,2016,L1,Level 1 Mathematics,Mathematics,L1,58
M,Jendema,2016,L1,Level 1 Language,Language,L1,36.4
M,Jendema,2016,L1,Level 1 Language,Language,L1,88
M,Jendema,2016,L1,Level 1 Mathematics,Mathematics,L1,54.72
M,Jendema,2016,L1,Level 1 Language,Language,L1,92
M,Jendema,2016,L1,Level 1 Mathematics,Mathematics,L1,17.85
F,Jendema,2016,L1,Level 1 Mathematics,Mathematics,L1,46.64
F,Jendema,2016,L1,Level 1 Language,Language,L1,61.2
M,Jendema,2016,L1,Level 1 Mathematics,Mathematics,L1,57.5
M,Jendema,2016,L1,Level 1 Language,Language,L1,33.25
F,Jendema,2016,L1,Level 1 Mathematics,Mathematics,L1,63.07
F,Jendema,2016,L1,Level 1 Language,Language,L1,34.8
F,Jendema,2016,L1,Level 1 Mathematics,Mathematics,L1,48.3
F,Jendema,2016,L1,Level 1 Language,Language,L1,33.25
F,Jendema,2016,L1,Level 1 Mathematics,Mathematics,L1,48.23
F,Jendema,2016,L1,Level 1 Language,Language,L1,41.85
M,Jendema,2016,L2,Level 2 Mathematics,Mathematics,L2,84.36
M,Jendema,2016,L2,Level 2 Language,Language,L2,62
M,Jendema,2016,L2,Level 2 Mathematics,Mathematics,L2,80
M,Jendema,2016,L2,Level 2 Language,Language,L2,67.23
M,Jendema,2016,L2,Level 2 Mathematics,Mathematics,L2,57.2
M,Jendema,2016,L2,Level 2 Language,Language,L2,50.96
F,Jendema,2016,L2,Level 2 Mathematics,Mathematics,L2,49.59
F,Jendema,2016,L2,Level 2 Language,Language,L2,60.48
M,Jendema,2016,L2,Level 2 Mathematics,Mathematics,L2,73
M,Jendema,2016,L2,Level 2 Mathematics,Mathematics,L2,54.06
F,Jendema,2016,L2,Level 2 Mathematics,Mathematics,L2,55.51
M,Jendema,2016,L2,Level 2 Mathematics,Mathematics,L2,86.64
M,Jendema,2016,L2,Level 2 Language,Language,L2,56.44
F,Jendema,2016,L2,Level 2 Mathematics,Mathematics,L2,80.04
F,Jendema,2016,L2,Level 2 Language,Language,L2,41.5
M,Jendema,2016,L2,Level 2 Mathematics,Mathematics,L2,60.8
M,Jendema,2016,L2,Level 2 Language,Language,L2,59.84
F,Jendema,2016,L2,Level 2 Mathematics,Mathematics,L2,54.15
M,Jendema,2016,L2,Level 2 Mathematics,Mathematics,L2,72.8
M,Jendema,2016,L2,Level 2 Language,Language,L2,51
M,Jendema,2016,L2,Level 2 Language,Language,L2,62
M,Jendema,2016,L2,Level 2 Mathematics,Mathematics,L2,60.03
M,Jendema,2016,L2,Level 2 Language,Language,L2,57.68
F,Jendema,2016,L2,Level 2 Mathematics,Mathematics,L2,50.88
F,Jendema,2016,L2,Level 2 Language,Language,L2,56
M,Jendema,2016,L2,Level 2 Mathematics,Mathematics,L2,76.8
M,Jendema,2016,L2,Level 2 Language,Language,L2,59.52
F,Jendema,2016,L2,Level 2 Mathematics,Mathematics,L2,64.8
F,Jendema,2016,L2,Level 2 Language,Language,L2,66.96
M,Jendema,2016,L2,Level 2 Mathematics,Mathematics,L2,88
M,Jendema,2016,L2,Level 2 Language,Language,L2,76.56
M,Jendema,2016,L2,Level 2 Mathematics,Mathematics,L2,68.62
M,Jendema,2016,L2,Level 2 Language,Language,L2,42
M,Jendema,2016,L2,Level 2 Mathematics,Mathematics,L2,75.92
M,Jendema,2016,L2,Level 2 Language,Language,L2,47
M,Jendema,2016,L2,Level 2 Mathematics,Mathematics,L2,84.8
M,Jendema,2016,L2,Level 2 Mathematics,Mathematics,L2,96.6
M,Jendema,2016,L2,Level 2 Language,Language,L2,92.22
M,Jendema,2016,L2,Level 2 Language,Language,L2,50.96
M,Jendema,2016,L2,Level 2 Mathematics,Mathematics,L2,26.45
M,Jendema,2016,L2,Level 2 Mathematics,Mathematics,L2,99.44
M,Jendema,2016,L2,Level 2 Language,Language,L2,89.91
M,Jendema,2016,L2,Level 2 Mathematics,Mathematics,L2,84.8
M,Jendema,2016,L2,Level 2 Language,Language,L2,77.52
M,Jendema,2016,L2,Level 2 Language,Language,L2,65.1
M,Jendema,2016,L2,Level 2 Mathematics,Mathematics,L2,73.6
M,Jendema,2016,L2,Level 2 Language,Language,L2,91.14
F,Jendema,2016,L2,Level 2 Mathematics,Mathematics,L2,69.92
F,Jendema,2016,L2,Level 2 Language,Language,L2,57.12
F,Jendema,2016,L2,Level 2 Mathematics,Mathematics,L2,53
F,Jendema,2016,L2,Level 2 Language,Language,L2,49.84
M,Jendema,2016,L2,Level 2 Mathematics,Mathematics,L2,50.4
M,Jendema,2016,L2,Level 2 Language,Language,L2,45.92
F,Massam,2016,0,Level 1 Mathematics,Mathematics,L1,84
F,Massam,2016,L1,Level 1 Mathematics,Mathematics,L1,77.52
F,Massam,2016,L1,Level 1 Language,Language,L1,61.1
F,Massam,2016,L1,Level 1 Mathematics,Mathematics,L1,68.8
F,Massam,2016,L1,Level 1 Language,Language,L1,89.25
M,Massam,2016,L1,Level 1 Mathematics,Mathematics,L1,70.38
M,Massam,2016,L1,Level 1 Language,Language,L1,59.4
M,Massam,2016,L1,Level 1 Mathematics,Mathematics,L1,91.2
M,Massam,2016,L1,Level 1 Language,Language,L1,68.25
F,Massam,2016,L1,Level 1 Mathematics,Mathematics,L1,68.88
F,Massam,2016,L1,Level 1 Language,Language,L1,73.6
F,Massam,2016,L1,Level 1 Mathematics,Mathematics,L1,74.76
F,Massam,2016,L1,Level 1 Language,Language,L1,64.8
F,Massam,2016,L1,Level 1 Mathematics,Mathematics,L1,95.2
F,Massam,2016,L1,Level 1 Language,Language,L1,68.25
F,Massam,2016,L1,Level 1 Language,Language,L1,79.8
F,Massam,2016,L1,Level 1 Mathematics,Mathematics,L1,9.9
F,Massam,2016,L1,Level 1 Mathematics,Mathematics,L1,80.3
F,Massam,2016,L1,Level 1 Language,Language,L1,80.8
F,Massam,2016,L1,Level 1 Mathematics,Mathematics,L1,28.56
F,Massam,2016,L1,Level 1 Language,Language,L1,30.1
F,Massam,2016,L1,Level 1 Mathematics,Mathematics,L1,71.2
F,Massam,2016,L1,Level 1 Language,Language,L1,70.7
M,Massam,2016,L1,Level 1 Language,Language,L1,74.75
M,Massam,2016,L1,Level 1 Mathematics,Mathematics,L1,27.6
F,Massam,2016,L1,Level 1 Mathematics,Mathematics,L1,78.28
F,Massam,2016,L1,Level 1 Language,Language,L1,55.9
F,Massam,2016,L1,Level 1 Mathematics,Mathematics,L1,88.92
F,Massam,2016,L1,Level 1 Language,Language,L1,79.8
F,Massam,2016,L1,Level 1 Mathematics,Mathematics,L1,82.32
F,Massam,2016,L1,Level 1 Language,Language,L1,78.75
M,Massam,2016,L1,Level 1 Mathematics,Mathematics,L1,88.16
M,Massam,2016,L1,Level 1 Language,Language,L1,93.6
F,Massam,2016,L1,Level 1 Mathematics,Mathematics,L1,63.84
F,Massam,2016,L1,Level 1 Language,Language,L1,76.8
F,Massam,2016,L1,Level 1 Mathematics,Mathematics,L1,91.2
F,Massam,2016,L1,Level 1 Language,Language,L1,70
M,Massam,2016,L1,Level 1 Mathematics,Mathematics,L1,60.45
M,Massam,2016,L1,Level 1 Language,Language,L1,52.25
M,Massam,2016,L1,Level 1 Language,Language,L1,28.2
M,Massam,2016,L1,Level 1 Mathematics,Mathematics,L1,6.23
M,Massam,2016,L1,Level 1 Mathematics,Mathematics,L1,77.6
M,Massam,2016,L1,Level 1 Language,Language,L1,65.65
M,Massam,2016,L1,Level 1 Mathematics,Mathematics,L1,83.6
M,Massam,2016,L1,Level 1 Language,Language,L1,51.6
M,Massam,2016,L1,Level 1 Mathematics,Mathematics,L1,94.08
M,Massam,2016,L1,Level 1 Language,Language,L1,63.8
M,Massam,2016,L1,Level 1 Mathematics,Mathematics,L1,78.66
M,Massam,2016,L1,Level 1 Language,Language,L1,49.5
M,Massam,2016,L1,Level 1 Mathematics,Mathematics,L1,100
M,Massam,2016,L1,Level 1 Language,Language,L1,65.6
M,Massam,2016,L1,Level 1 Language,Language,L1,48
M,Massam,2016,L1,Level 1 Mathematics,Mathematics,L1,32.68
M,Massam,2016,L1,Level 1 Language,Language,L1,74.2
M,Massam,2016,L1,Level 1 Mathematics,Mathematics,L1,20.24
M,Massam,2016,L1,Level 1 Mathematics,Mathematics,L1,68.8
M,Massam,2016,L1,Level 1 Language,Language,L1,63
F,Massam,2016,L1,Level 1 Mathematics,Mathematics,L1,60.59
F,Massam,2016,L1,Level 1 Language,Language,L1,72.1
F,Massam,2016,L1,Level 1 Language,Language,L1,64.35
F,Massam,2016,L1,Level 1 Language,Language,L1,77.35
F,Massam,2016,L1,Level 1 Mathematics,Mathematics,L1,61.61
F,Massam,2016,L1,Level 1 Language,Language,L1,90
F,Massam,2016,L1,Level 1 Language,Language,L1,71.2
F,Massam,2016,L1,Level 1 Mathematics,Mathematics,L1,42.5
F,Massam,2016,L1,Level 1 Mathematics,Mathematics,L1,90.4
F,Massam,2016,L1,Level 1 Language,Language,L1,88
F,Massam,2016,L1,Level 1 Mathematics,Mathematics,L1,67.64
F,Massam,2016,L1,Level 1 Language,Language,L1,63
M,Massam,2016,L1,Level 1 Language,Language,L1,50
M,Massam,2016,L1,Level 1 Mathematics,Mathematics,L1,17.48
M,Massam,2016,L1,Level 1 Mathematics,Mathematics,L1,94.16
M,Massam,2016,L1,Level 1 Language,Language,L1,75.65
F,Massam,2016,L1A,Level 1A Mathematics,Mathematics,L1A,86.45
F,Massam,2016,L1A,Level 1A Language,Language,L1A,84.63
F,Massam,2016,L1A,Level 1A Mathematics,Mathematics,L1A,84.53
F,Massam,2016,L1A,Level 1A Language,Language,L1A,87.72
F,Massam,2016,L1A,Level 1A Mathematics,Mathematics,L1A,100
F,Massam,2016,L1A,Level 1A Language,Language,L1A,73.1
M,Massam,2016,L1A,Level 1A Language,Language,L1A,92.88
M,Massam,2016,L1A,Level 1A Language,Language,L1A,98.9
F,Massam,2016,L1A,Level 1A Mathematics,Mathematics,L1A,100
F,Massam,2016,L1A,Level 1A Language,Language,L1A,83
F,Massam,2016,L1A,Level 1A Mathematics,Mathematics,L1A,80.75
F,Massam,2016,L1A,Level 1A Language,Language,L1A,88.35
F,Massam,2016,L1A,Level 1A Mathematics,Mathematics,L1A,75.9
F,Massam,2016,L1A,Level 1A Language,Language,L1A,68.64
F,Massam,2016,L1A,Level 1A Mathematics,Mathematics,L1A,54.5
F,Massam,2016,L1A,Level 1A Language,Language,L1A,84
F,Massam,2016,L1A,Level 1A Mathematics,Mathematics,L1A,86.45
F,Massam,2016,L1A,Level 1A Language,Language,L1A,96.32
F,Massam,2016,L1A,Level 1A Mathematics,Mathematics,L1A,85.32
F,Massam,2016,L1A,Level 1A Language,Language,L1A,81.7
F,Massam,2016,L1A,Level 1A Mathematics,Mathematics,L1A,76.36
F,Massam,2016,L1A,Level 1A Language,Language,L1A,98.04
F,Massam,2016,L1A,Level 1A Mathematics,Mathematics,L1A,58.1
F,Massam,2016,L1A,Level 1A Language,Language,L1A,85.14
F,Massam,2016,L1A,Level 1A Language,Language,L1A,92
F,Massam,2016,L1A,Level 1A Mathematics,Mathematics,L1A,15.68
F,Massam,2016,L1A,Level 1A Mathematics,Mathematics,L1A,91.64
F,Massam,2016,L1A,Level 1A Language,Language,L1A,62.05
M,Massam,2016,L1A,Level 1A Mathematics,Mathematics,L1A,62.64
M,Massam,2016,L1A,Level 1A Language,Language,L1A,72.24
M,Massam,2016,L1A,Level 1A Mathematics,Mathematics,L1A,100
M,Massam,2016,L1A,Level 1A Language,Language,L1A,79.98
M,Massam,2016,L1A,Level 1A Mathematics,Mathematics,L1A,98.8
M,Massam,2016,L1A,Level 1A Language,Language,L1A,81.7
M,Massam,2016,L1A,Level 1A Mathematics,Mathematics,L1A,100
M,Massam,2016,L1A,Level 1A Language,Language,L1A,100
M,Massam,2016,L1A,Level 1A Mathematics,Mathematics,L1A,81.88
M,Massam,2016,L1A,Level 1A Language,Language,L1A,98.58
M,Massam,2016,L1A,Level 1A Mathematics,Mathematics,L1A,73.71
M,Massam,2016,L1A,Level 1A Language,Language,L1A,67.98
M,Massam,2016,L1A,Level 1A Mathematics,Mathematics,L1A,70.47
M,Massam,2016,L1A,Level 1A Language,Language,L1A,93.6
M,Massam,2016,L1A,Level 1A Mathematics,Mathematics,L1A,58.28
M,Massam,2016,L1A,Level 1A Language,Language,L1A,83.95
M,Massam,2016,L1A,Level 1A Mathematics,Mathematics,L1A,84.66
M,Massam,2016,L1A,Level 1A Language,Language,L1A,80
M,Massam,2016,L1A,Level 1A Language,Language,L1A,67.98
M,Massam,2016,L1A,Level 1A Mathematics,Mathematics,L1A,11.16
F,Massam,2016,L1A,Level 1A Language,Language,L1A,77.38
F,Massam,2016,L1A,Level 1A Mathematics,Mathematics,L1A,36.26
F,Massam,2016,L1A,Level 1A Language,Language,L1A,90.4
F,Massam,2016,L1A,Level 1A Mathematics,Mathematics,L1A,32.93
M,Massam,2016,L1A,Level 1A Mathematics,Mathematics,L1A,45
M,Massam,2016,L1A,Level 1A Language,Language,L1A,75.19
F,Massam,2016,L1A,0,0,0,0
F,Massam,2016,L1A,Level 1A Language,Language,L1A,69.66
F,Massam,2016,L1A,Level 1A Language,Language,L1A,64
F,Massam,2016,L1A,0,0,0,0
M,Massam,2016,L1A,Level 1A Mathematics,Mathematics,L1A,60.14
M,Massam,2016,L1A,Level 1A Language,Language,L1A,66.4
F,Massam,2016,L1A,Level 1A Mathematics,Mathematics,L1A,80.51
F,Massam,2016,L1A,Level 1A Language,Language,L1A,95.46
F,Massam,2016,L1A,Level 1A Mathematics,Mathematics,L1A,100
F,Massam,2016,L1A,Level 1A Language,Language,L1A,76.8
F,Massam,2016,L1A,Level 1A Language,Language,L1A,100
F,Massam,2016,L1A,Level 1A Mathematics,Mathematics,L1A,67.86
F,Massam,2016,L1A,Level 1A Language,Language,L1A,92.8
M,Massam,2016,L1A,Level 1A Mathematics,Mathematics,L1A,96.6
M,Massam,2016,L1A,Level 1A Language,Language,L1A,80.84
F,Massam,2016,L1A,Level 1A Language,Language,L1A,79.98
F,Massam,2016,L1A,Level 1A Language,Language,L1A,100
F,Massam,2016,L1A,Level 1A Mathematics,Mathematics,L1A,100
F,Massam,2016,L1A,Level 1A Language,Language,L1A,93.6
M,Massam,2016,L1A,Level 1A Language,Language,L1A,69.35
M,Massam,2016,L1A,Level 1A Mathematics,Mathematics,L1A,28.75
M,Massam,2016,L1A,Level 1A Mathematics,Mathematics,L1A,84.66
M,Massam,2016,L1A,Level 1A Language,Language,L1A,100
M,Massam,2016,L1A,Level 1A Mathematics,Mathematics,L1A,100
M,Massam,2016,L1A,Level 1A Language,Language,L1A,57.6
F,Massam,2016,L1A,Level 1A Language,Language,L1A,92.07
F,Massam,2016,L1A,Level 1A Language,Language,L1A,100
F,Massam,2016,L1A,Level 1A Mathematics,Mathematics,L1A,98.28
F,Massam,2016,L1A,Level 1A Language,Language,L1A,67.2
F,Massam,2016,L1A,Level 1A Mathematics,Mathematics,L1A,85.5
F,Massam,2016,L1A,Level 1A Language,Language,L1A,74.82
M,Massam,2016,L1A,Level 1A Mathematics,Mathematics,L1A,100
M,Massam,2016,L1A,Level 1A Language,Language,L1A,98.04
F,Massam,2016,L1A,Level 1A Mathematics,Mathematics,L1A,100
F,Massam,2016,L1A,Level 1A Language,Language,L1A,84
F,Massam,2016,L1A,Level 1A Mathematics,Mathematics,L1A,95.95
F,Massam,2016,L1A,Level 1A Language,Language,L1A,80.91
F,Massam,2016,L1A,Level 1A Mathematics,Mathematics,L1A,100
F,Massam,2016,L1A,Level 1A Language,Language,L1A,60.72
F,Massam,2016,L1A,Level 1A Mathematics,Mathematics,L1A,92.96
F,Massam,2016,L1A,Level 1A Language,Language,L1A,85.14
F,Massam,2016,L1A,Level 1A Mathematics,Mathematics,L1A,70.47
F,Massam,2016,L1A,Level 1A Language,Language,L1A,95.79
M,Massam,2016,L1A,Level 1A Mathematics,Mathematics,L1A,69.3
M,Massam,2016,L1A,Level 1A Language,Language,L1A,94.6
F,Massam,2016,L1A,Level 1A Mathematics,Mathematics,L1A,80.75
F,Massam,2016,L1A,Level 1A Language,Language,L1A,70.52
F,Massam,2016,L1A,Level 1A Mathematics,Mathematics,L1A,78.75
F,Massam,2016,L1A,Level 1A Language,Language,L1A,98.04
F,Massam,2016,L1A,Level 1A Mathematics,Mathematics,L1A,77.88
F,Massam,2016,L1A,Level 1A Language,Language,L1A,81.6
F,Massam,2016,L1A,Level 1A Mathematics,Mathematics,L1A,45.5
F,Massam,2016,L1A,Level 1A Language,Language,L1A,58.8
F,Massam,2016,L1A,Level 1A Mathematics,Mathematics,L1A,81.2
F,Massam,2016,L1A,Level 1A Language,Language,L1A,84
M,Massam,2016,L2,Level 2 Mathematics,Mathematics,L2,86.4
M,Massam,2016,L2,Level 2 Language,Language,L2,81.78
F,Massam,2016,L2,Level 2 Mathematics,Mathematics,L2,76.7
F,Massam,2016,L2,Level 2 Language,Language,L2,84.24
F,Massam,2016,L2,Level 2 Mathematics,Mathematics,L2,76.59
F,Massam,2016,L2,Level 2 Language,Language,L2,73.08
F,Massam,2016,L2,Level 2 Mathematics,Mathematics,L2,100
F,Massam,2016,L2,Level 2 Language,Language,L2,100
F,Massam,2016,L2,Level 2 Mathematics,Mathematics,L2,95.04
F,Massam,2016,L2,Level 2 Language,Language,L2,76.26
F,Massam,2016,L2,Level 2 Mathematics,Mathematics,L2,69.16
F,Massam,2016,L2,Level 2 Language,Language,L2,85.86
F,Massam,2016,L2,Level 2 Language,Language,L2,74.25
M,Massam,2016,L2,Level 2 Mathematics,Mathematics,L2,82.8
M,Massam,2016,L2,Level 2 Language,Language,L2,69.66
F,Massam,2016,L2,Level 2 Mathematics,Mathematics,L2,80.8
F,Massam,2016,L2,Level 2 Language,Language,L2,59.16
M,Massam,2016,L2,Level 2 Mathematics,Mathematics,L2,74.4
M,Massam,2016,L2,Level 2 Language,Language,L2,100
M,Massam,2016,L2,Level 2 Mathematics,Mathematics,L2,73.92
M,Massam,2016,L2,Level 2 Language,Language,L2,64.5
M,Massam,2016,L2,Level 2 Mathematics,Mathematics,L2,80.56
M,Massam,2016,L2,Level 2 Language,Language,L2,70.5
F,Massam,2016,L2,Level 2 Mathematics,Mathematics,L2,74.52
F,Massam,2016,L2,Level 2 Language,Language,L2,94.83
M,Massam,2016,L2,Level 2 Mathematics,Mathematics,L2,61.1
M,Massam,2016,L2,Level 2 Language,Language,L2,50.74
M,Massam,2016,L2,Level 2 Mathematics,Mathematics,L2,73.45
M,Massam,2016,L2,Level 2 Language,Language,L2,96.39
M,Massam,2016,L2,Level 2 Mathematics,Mathematics,L2,78
M,Massam,2016,L2,Level 2 Language,Language,L2,88.5
F,Potoru,2016,L1,Level 1 Mathematics,Mathematics,L1,35.7
F,Potoru,2016,L1,Level 1 Language,Language,L1,38
F,Potoru,2016,L1,Level 1 Mathematics,Mathematics,L1,23.92
F,Potoru,2016,L1,Level 1 Language,Language,L1,34.8
M,Potoru,2016,L1,Level 1 Mathematics,Mathematics,L1,22.62
M,Potoru,2016,L1,Level 1 Language,Language,L1,17.2
F,Potoru,2016,L1,Level 1 Language,Language,L1,51.3
F,Potoru,2016,L1,Level 1 Mathematics,Mathematics,L1,18.62
M,Potoru,2016,L1,Level 1 Language,Language,L1,37.8
M,Potoru,2016,L1,Level 1 Mathematics,Mathematics,L1,20.7
M,Potoru,2016,L1,Level 1 Language,Language,L1,46.35
M,Potoru,2016,L1,Level 1 Mathematics,Mathematics,L1,26.78
F,Potoru,2016,L1,Level 1 Mathematics,Mathematics,L1,19.78
F,Potoru,2016,L1,Level 1 Language,Language,L1,31.8
M,Potoru,2016,L1,Level 1 Language,Language,L1,46.4
M,Potoru,2016,L1,Level 1 Mathematics,Mathematics,L1,27.3
F,Potoru,2016,L1,Level 1 Mathematics,Mathematics,L1,38.22
F,Potoru,2016,L1,Level 1 Language,Language,L1,43.2
F,Potoru,2016,L1,Level 1 Language,Language,L1,44.8
F,Potoru,2016,L1,Level 1 Mathematics,Mathematics,L1,27.56
F,Potoru,2016,L1,Level 1 Language,Language,L1,38.7
F,Potoru,2016,L1,Level 1 Mathematics,Mathematics,L1,29.7
M,Potoru,2016,L1,Level 1 Mathematics,Mathematics,L1,26.26
M,Potoru,2016,L1,Level 1 Language,Language,L1,33.25
M,Potoru,2016,L1,Level 1 Mathematics,Mathematics,L1,26.4
M,Potoru,2016,L1,Level 1 Language,Language,L1,40.4
F,Potoru,2016,L1,Level 1 Mathematics,Mathematics,L1,36.54
F,Potoru,2016,L1,Level 1 Language,Language,L1,46.5
F,Potoru,2016,L1,Level 1 Mathematics,Mathematics,L1,28.22
F,Potoru,2016,L1,Level 1 Language,Language,L1,34
F,Potoru,2016,L1,Level 1 Mathematics,Mathematics,L1,52.44
F,Potoru,2016,L1,Level 1 Language,Language,L1,37.1
F,Potoru,2016,L1,Level 1 Language,Language,L1,39.2
F,Potoru,2016,L1,Level 1 Mathematics,Mathematics,L1,22.08
M,Potoru,2016,L1,Level 1 Language,Language,L1,45.45
M,Potoru,2016,L1,Level 1 Mathematics,Mathematics,L1,26.22
M,Potoru,2016,L1,Level 1 Language,Language,L1,30.45
M,Potoru,2016,L1,Level 1 Mathematics,Mathematics,L1,20.8
F,Potoru,2016,L1,Level 1 Mathematics,Mathematics,L1,53
F,Potoru,2016,L1,Level 1 Language,Language,L1,58.8
F,Potoru,2016,L1,Level 1 Language,Language,L1,40.95
F,Potoru,2016,L1,Level 1 Mathematics,Mathematics,L1,15.77
F,Potoru,2016,L1,Level 1 Mathematics,Mathematics,L1,31.62
F,Potoru,2016,L1,Level 1 Language,Language,L1,38.7
F,Potoru,2016,L1,Level 1 Mathematics,Mathematics,L1,45.58
F,Potoru,2016,L1,Level 1 Language,Language,L1,64.2
F,Potoru,2016,L1,Level 1 Language,Language,L1,50.4
F,Potoru,2016,L1,Level 1 Mathematics,Mathematics,L1,19.55
F,Potoru,2016,L1,Level 1 Language,Language,L1,74.1
F,Potoru,2016,L1,Level 1 Mathematics,Mathematics,L1,33.44
M,Potoru,2016,L1,Level 1 Mathematics,Mathematics,L1,42.18
M,Potoru,2016,L1,Level 1 Language,Language,L1,42
F,Potoru,2016,L1,Level 1 Language,Language,L1,36
F,Potoru,2016,L1,Level 1 Mathematics,Mathematics,L1,18.62
F,Potoru,2016,L1,Level 1 Mathematics,Mathematics,L1,41.58
F,Potoru,2016,L1,Level 1 Language,Language,L1,57
F,Potoru,2016,L1,Level 1 Language,Language,L1,50.05
F,Potoru,2016,L1,Level 1 Mathematics,Mathematics,L1,44.1
F,Potoru,2016,L1,Level 1 Mathematics,Mathematics,L1,44.84
F,Potoru,2016,L1,Level 1 Language,Language,L1,40.5
F,Potoru,2016,L1,Level 1 Language,Language,L1,57.75
F,Potoru,2016,L1,Level 1 Mathematics,Mathematics,L1,45.22
F,Potoru,2016,L1,Level 1 Mathematics,Mathematics,L1,48.45
F,Potoru,2016,L1,Level 1 Language,Language,L1,65.65
F,Potoru,2016,L1,Level 1 Language,Language,L1,57.75
F,Potoru,2016,L1,Level 1 Mathematics,Mathematics,L1,28.2
F,Potoru,2016,L1,Level 1 Mathematics,Mathematics,L1,61.48
F,Potoru,2016,L1,Level 1 Language,Language,L1,48.5
M,Potoru,2016,L1,Level 1 Mathematics,Mathematics,L1,23.69
M,Potoru,2016,L1,Level 1 Language,Language,L1,32.7
M,Potoru,2016,L1,Level 1 Mathematics,Mathematics,L1,23
M,Potoru,2016,L1,Level 1 Language,Language,L1,27
M,Potoru,2016,L1,Level 1 Language,Language,L1,39.6
M,Potoru,2016,L1,Level 1 Mathematics,Mathematics,L1,22.54
F,Potoru,2016,L1,Level 1 Mathematics,Mathematics,L1,35.7
F,Potoru,2016,L1,Level 1 Language,Language,L1,26.25
M,Potoru,2016,L1,Level 1 Mathematics,Mathematics,L1,32.4
M,Potoru,2016,L1,Level 1 Language,Language,L1,39.2
M,Potoru,2016,L1,Level 1 Mathematics,Mathematics,L1,57.5
M,Potoru,2016,L1,Level 1 Language,Language,L1,47
F,Potoru,2016,L1,Level 1 Mathematics,Mathematics,L1,36.12
F,Potoru,2016,L1,Level 1 Language,Language,L1,33.2
M,Potoru,2016,L1,Level 1 Language,Language,L1,34.8
M,Potoru,2016,L1,Level 1 Mathematics,Mathematics,L1,15.96
F,Potoru,2016,L1,Level 1 Mathematics,Mathematics,L1,66.12
F,Potoru,2016,L1,Level 1 Language,Language,L1,57.85
F,Potoru,2016,L1,Level 1 Language,Language,L1,46
F,Potoru,2016,L1,Level 1 Mathematics,Mathematics,L1,22.54
M,Potoru,2016,L1,Level 1 Language,Language,L1,39.9
M,Potoru,2016,L1,Level 1 Mathematics,Mathematics,L1,18.63
F,Potoru,2016,L1,Level 1 Mathematics,Mathematics,L1,27.9
F,Potoru,2016,L1,Level 1 Language,Language,L1,32.1
F,Potoru,2016,L1,Level 1 Mathematics,Mathematics,L1,44.52
F,Potoru,2016,L1,Level 1 Language,Language,L1,53.9
F,Potoru,2016,L1,Level 1 Mathematics,Mathematics,L1,50.4
F,Potoru,2016,L1,Level 1 Language,Language,L1,37.45
F,Potoru,2016,L1,Level 1 Mathematics,Mathematics,L1,37.74
F,Potoru,2016,L1,Level 1 Language,Language,L1,47.2
M,Potoru,2016,L1,Level 1 Language,Language,L1,46.4
M,Potoru,2016,L1,Level 1 Mathematics,Mathematics,L1,12.75
M,Potoru,2016,L1,Level 1 Mathematics,Mathematics,L1,37.74
M,Potoru,2016,L1,Level 1 Language,Language,L1,41.4
F,Potoru,2016,L1,Level 1 Language,Language,L1,52.8
F,Potoru,2016,L1,Level 1 Mathematics,Mathematics,L1,45.78
F,Potoru,2016,L1,Level 1 Mathematics,Mathematics,L1,42.5
F,Potoru,2016,L1,Level 1 Language,Language,L1,55
F,Potoru,2016,L1,Level 1 Mathematics,Mathematics,L1,34.02
F,Potoru,2016,L1,Level 1 Language,Language,L1,49.5
M,Potoru,2016,L1,Level 1 Language,Language,L1,47.7
M,Potoru,2016,L1,Level 1 Mathematics,Mathematics,L1,30.6
M,Potoru,2016,L1,Level 1 Language,Language,L1,38.8
M,Potoru,2016,L1,Level 1 Mathematics,Mathematics,L1,26.91
M,Potoru,2016,L1,Level 1 Mathematics,Mathematics,L1,23.14
M,Potoru,2016,L1,Level 1 Language,Language,L1,40.25
F,Potoru,2016,L1,Level 1 Mathematics,Mathematics,L1,27.3
F,Potoru,2016,L1,Level 1 Language,Language,L1,47.6
M,Potoru,2016,L1,Level 1 Mathematics,Mathematics,L1,21.84
M,Potoru,2016,L1,Level 1 Language,Language,L1,31.2
M,Potoru,2016,L1,Level 1 Mathematics,Mathematics,L1,50.5
M,Potoru,2016,L1,Level 1 Language,Language,L1,51
F,Potoru,2016,L1,Level 1 Mathematics,Mathematics,L1,37.24
F,Potoru,2016,L1,Level 1 Language,Language,L1,40
M,Potoru,2016,L1,Level 1 Language,Language,L1,53.5
M,Potoru,2016,L1,Level 1 Mathematics,Mathematics,L1,40.46
F,Potoru,2016,L1,Level 1 Mathematics,Mathematics,L1,49.22
F,Potoru,2016,L1,Level 1 Language,Language,L1,53.9
F,Potoru,2016,L1A,Level 1A Mathematics,Mathematics,L1A,86.9
F,Potoru,2016,L1A,Level 1A Language,Language,L1A,73.96
M,Potoru,2016,L1A,Level 1A Mathematics,Mathematics,L1A,69.3
M,Potoru,2016,L1A,Level 1A Language,Language,L1A,57
F,Potoru,2016,L1A,Level 1A Mathematics,Mathematics,L1A,86.25
F,Potoru,2016,L1A,Level 1A Language,Language,L1A,71.94
F,Potoru,2016,L1A,Level 1A Mathematics,Mathematics,L1A,60
F,Potoru,2016,L1A,Level 1A Language,Language,L1A,96.72
F,Potoru,2016,L1A,Level 1A Mathematics,Mathematics,L1A,73.5
F,Potoru,2016,L1A,Level 1A Language,Language,L1A,75.19
M,Potoru,2016,L1A,Level 1A Mathematics,Mathematics,L1A,69.44
M,Potoru,2016,L1A,Level 1A Language,Language,L1A,60.06
F,Potoru,2016,L1A,Level 1A Mathematics,Mathematics,L1A,72.8
F,Potoru,2016,L1A,Level 1A Language,Language,L1A,64.97
F,Potoru,2016,L1A,Level 1A Mathematics,Mathematics,L1A,82.65
F,Potoru,2016,L1A,Level 1A Language,Language,L1A,88.8
F,Potoru,2016,L1A,Level 1A Mathematics,Mathematics,L1A,62.25
F,Potoru,2016,L1A,Level 1A Language,Language,L1A,80.8
F,Potoru,2016,L1A,Level 1A Mathematics,Mathematics,L1A,69.96
F,Potoru,2016,L1A,Level 1A Language,Language,L1A,73.6
M,Potoru,2016,L1A,Level 1A Mathematics,Mathematics,L1A,75.05
M,Potoru,2016,L1A,Level 1A Language,Language,L1A,76.65
F,Potoru,2016,L1A,Level 1A Mathematics,Mathematics,L1A,71.1
F,Potoru,2016,L1A,Level 1A Language,Language,L1A,69.3
F,Potoru,2016,L1A,Level 1A Mathematics,Mathematics,L1A,68.25
F,Potoru,2016,L1A,Level 1A Language,Language,L1A,82.56
F,Potoru,2016,L1A,Level 1A Mathematics,Mathematics,L1A,62.64
F,Potoru,2016,L1A,Level 1A Language,Language,L1A,52.8
M,Potoru,2016,L1A,Level 1A Mathematics,Mathematics,L1A,59.16
M,Potoru,2016,L1A,Level 1A Language,Language,L1A,82.49
F,Potoru,2016,L1A,Level 1A Mathematics,Mathematics,L1A,74.2
F,Potoru,2016,L1A,Level 1A Language,Language,L1A,69.96
M,Potoru,2016,L1A,Level 1A Mathematics,Mathematics,L1A,90
M,Potoru,2016,L1A,Level 1A Language,Language,L1A,76
M,Potoru,2016,L1A,Level 1A Mathematics,Mathematics,L1A,53.46
M,Potoru,2016,L1A,Level 1A Language,Language,L1A,96
M,Potoru,2016,L1A,Level 1A Mathematics,Mathematics,L1A,82.65
M,Potoru,2016,L1A,Level 1A Language,Language,L1A,91.16
M,Potoru,2016,L1A,Level 1A Mathematics,Mathematics,L1A,78
M,Potoru,2016,L1A,Level 1A Language,Language,L1A,71.38
M,Potoru,2016,L1A,Level 1A Mathematics,Mathematics,L1A,69.75
M,Potoru,2016,L1A,Level 1A Language,Language,L1A,69.96
M,Potoru,2016,L1A,Level 1A Language,Language,L1A,68.8
M,Potoru,2016,L1A,Level 1A Mathematics,Mathematics,L1A,71.28
M,Potoru,2016,L1A,Level 1A Language,Language,L1A,83.2
M,Potoru,2016,L1A,Level 1A Language,Language,L1A,79.98
M,Potoru,2016,L1A,Level 1A Mathematics,Mathematics,L1A,63.18
M,Potoru,2016,L1A,Level 1A Mathematics,Mathematics,L1A,61.38
M,Potoru,2016,L1A,Level 1A Language,Language,L1A,81.03
M,Potoru,2016,L1A,Level 1A Mathematics,Mathematics,L1A,87
M,Potoru,2016,L1A,Level 1A Language,Language,L1A,90.3
F,Potoru,2016,L1A,Level 1A Mathematics,Mathematics,L1A,71.4
F,Potoru,2016,L1A,Level 1A Language,Language,L1A,52.8
M,Potoru,2016,L1A,Level 1A Mathematics,Mathematics,L1A,65.1
M,Potoru,2016,L1A,Level 1A Language,Language,L1A,79.57
M,Potoru,2016,L1A,Level 1A Mathematics,Mathematics,L1A,79.5
M,Potoru,2016,L1A,Level 1A Language,Language,L1A,64.24
M,Potoru,2016,L1A,Level 1A Mathematics,Mathematics,L1A,89.25
M,Potoru,2016,L1A,Level 1A Language,Language,L1A,78.26
M,Potoru,2016,L2,Level 2 Mathematics,Mathematics,L2,96
M,Potoru,2016,L2,Level 2 Language,Language,L2,83.7
M,Potoru,2016,L2,Level 2 Mathematics,Mathematics,L2,64.05
M,Potoru,2016,L2,Level 2 Language,Language,L2,46.87
M,Potoru,2016,L2,Level 2 Mathematics,Mathematics,L2,64.35
M,Potoru,2016,L2,Level 2 Language,Language,L2,35.69
F,Potoru,2016,L2,Level 2 Mathematics,Mathematics,L2,98.44
F,Potoru,2016,L2,Level 2 Language,Language,L2,57.5
M,Potoru,2016,L2,Level 2 Mathematics,Mathematics,L2,86.4
M,Potoru,2016,L2,Level 2 Language,Language,L2,84.75
F,Potoru,2016,L2,Level 2 Mathematics,Mathematics,L2,53.3
F,Potoru,2016,L2,Level 2 Language,Language,L2,79.56
F,Potoru,2016,L2,Level 2 Mathematics,Mathematics,L2,70.4
F,Potoru,2016,L2,Level 2 Language,Language,L2,100
M,Potoru,2016,L2,Level 2 Mathematics,Mathematics,L2,53.3
M,Potoru,2016,L2,Level 2 Language,Language,L2,43
M,Potoru,2016,L2,Level 2 Mathematics,Mathematics,L2,78.11
M,Potoru,2016,L2,Level 2 Language,Language,L2,94.77
F,Potoru,2016,L2,Level 2 Mathematics,Mathematics,L2,93.6
F,Potoru,2016,L2,Level 2 Language,Language,L2,69.36
F,Potoru,2016,L2,Level 2 Mathematics,Mathematics,L2,71.07
F,Potoru,2016,L2,Level 2 Language,Language,L2,36.55
M,Potoru,2016,L2,Level 2 Mathematics,Mathematics,L2,73.92
M,Potoru,2016,L2,Level 2 Language,Language,L2,60.75
M,Potoru,2016,L2,Level 2 Mathematics,Mathematics,L2,82.72
M,Potoru,2016,L2,Level 2 Language,Language,L2,99.18
M,Potoru,2016,L2,Level 2 Mathematics,Mathematics,L2,58.65
M,Potoru,2016,L2,Level 2 Language,Language,L2,49.88
F,Potoru,2016,L2,Level 2 Mathematics,Mathematics,L2,94.76
F,Potoru,2016,L2,Level 2 Language,Language,L2,57.04
M,Potoru,2016,L2,Level 2 Mathematics,Mathematics,L2,100
M,Potoru,2016,L2,Level 2 Language,Language,L2,97.2
M,Potoru,2016,L2,Level 2 Mathematics,Mathematics,L2,95.68
M,Potoru,2016,L2,Level 2 Language,Language,L2,40.85
F,Potoru,2016,L2,Level 2 Mathematics,Mathematics,L2,62.4
F,Potoru,2016,L2,Level 2 Language,Language,L2,78.88
M,Potoru,2016,L2,Level 2 Mathematics,Mathematics,L2,100
M,Potoru,2016,L2,Level 2 Language,Language,L2,62.25
F,Potoru,2016,L2,Level 2 Mathematics,Mathematics,L2,76.59
F,Potoru,2016,L2,Level 2 Language,Language,L2,72.54
F,Potoru,2016,L2,Level 2 Mathematics,Mathematics,L2,100
F,Potoru,2016,L2,Level 2 Language,Language,L2,45.58
M,Potoru,2016,L2,Level 2 Mathematics,Mathematics,L2,52
M,Potoru,2016,L2,Level 2 Language,Language,L2,51.5
M,Zimmi,2016,L1,Level 1 Mathematics,Mathematics,L1,53
M,Zimmi,2016,L1,Level 1 Language,Language,L1,35
M,Zimmi,2016,L1,Level 1 Mathematics,Mathematics,L1,50.63
M,Zimmi,2016,L1,Level 1 Language,Language,L1,69
F,Zimmi,2016,L1,Level 1 Mathematics,Mathematics,L1,71.28
F,Zimmi,2016,L1,Level 1 Language,Language,L1,31.8
M,Zimmi,2016,L1,Level 1 Language,Language,L1,26
M,Zimmi,2016,L1,Level 1 Mathematics,Mathematics,L1,9.24
M,Zimmi,2016,L1,Level 1 Mathematics,Mathematics,L1,60.8
M,Zimmi,2016,L1,Level 1 Language,Language,L1,64.8
F,Zimmi,2016,L1,Level 1 Language,Language,L1,71.4
F,Zimmi,2016,L1,Level 1 Mathematics,Mathematics,L1,20.8
M,Zimmi,2016,L1,Level 1 Mathematics,Mathematics,L1,94.4
M,Zimmi,2016,L1,Level 1 Language,Language,L1,78
F,Zimmi,2016,L1,Level 1 Mathematics,Mathematics,L1,72.27
F,Zimmi,2016,L1,Level 1 Language,Language,L1,66.3
M,Zimmi,2016,L1,Level 1 Mathematics,Mathematics,L1,83.6
M,Zimmi,2016,L1,Level 1 Language,Language,L1,72.75
M,Zimmi,2016,L1,Level 1 Mathematics,Mathematics,L1,78.32
M,Zimmi,2016,L1,Level 1 Language,Language,L1,84.75
M,Zimmi,2016,L1,Level 1 Language,Language,L1,70.85
M,Zimmi,2016,L1,Level 1 Mathematics,Mathematics,L1,55.5
F,Zimmi,2016,L1,Level 1 Language,Language,L1,82.6
F,Zimmi,2016,L1,Level 1 Mathematics,Mathematics,L1,47.38
M,Zimmi,2016,L1,Level 1 Mathematics,Mathematics,L1,73.73
M,Zimmi,2016,L1,Level 1 Language,Language,L1,69.55
F,Zimmi,2016,L1,Level 1 Mathematics,Mathematics,L1,100
F,Zimmi,2016,L1,Level 1 Language,Language,L1,40.05
M,Zimmi,2016,L1,Level 1 Mathematics,Mathematics,L1,52
M,Zimmi,2016,L1,Level 1 Language,Language,L1,72
M,Zimmi,2016,L1,Level 1 Mathematics,Mathematics,L1,98.88
M,Zimmi,2016,L1,Level 1 Language,Language,L1,75.75
F,Zimmi,2016,L1,Level 1 Mathematics,Mathematics,L1,86.87
F,Zimmi,2016,L1,Level 1 Language,Language,L1,47.6
F,Zimmi,2016,L1,Level 1 Mathematics,Mathematics,L1,67.64
F,Zimmi,2016,L1,Level 1 Language,Language,L1,85.85
F,Zimmi,2016,L1,Level 1 Mathematics,Mathematics,L1,96
F,Zimmi,2016,L1,Level 1 Language,Language,L1,56.55
F,Zimmi,2016,L1,Level 1 Mathematics,Mathematics,L1,92.4
F,Zimmi,2016,L1,Level 1 Language,Language,L1,39.2
M,Zimmi,2016,L1,Level 1 Mathematics,Mathematics,L1,97.68
M,Zimmi,2016,L1,Level 1 Language,Language,L1,45.1
F,Zimmi,2016,L1,Level 1 Language,Language,L1,43.6
F,Zimmi,2016,L1,Level 1 Mathematics,Mathematics,L1,22.04
M,Zimmi,2016,L1,Level 1 Mathematics,Mathematics,L1,67.62
M,Zimmi,2016,L1,Level 1 Language,Language,L1,57.2
M,Zimmi,2016,L1,Level 1 Mathematics,Mathematics,L1,31.62
M,Zimmi,2016,L1,Level 1 Language,Language,L1,29.4
M,Zimmi,2016,L1,Level 1 Mathematics,Mathematics,L1,40.94
M,Zimmi,2016,L1,Level 1 Language,Language,L1,27
M,Zimmi,2016,L1,Level 1 Mathematics,Mathematics,L1,81.48
M,Zimmi,2016,L1,Level 1 Language,Language,L1,89.25
M,Zimmi,2016,L1,Level 1 Mathematics,Mathematics,L1,59.28
M,Zimmi,2016,L1,Level 1 Language,Language,L1,55.5
F,Zimmi,2016,L1,Level 1 Mathematics,Mathematics,L1,76.59
F,Zimmi,2016,L1,Level 1 Language,Language,L1,68
M,Zimmi,2016,L1,Level 1 Mathematics,Mathematics,L1,64.6
M,Zimmi,2016,L1,Level 1 Language,Language,L1,59.5
F,Zimmi,2016,L1,Level 1 Mathematics,Mathematics,L1,44.1
F,Zimmi,2016,L1,Level 1 Language,Language,L1,20.75
M,Zimmi,2016,L1,Level 1 Mathematics,Mathematics,L1,52.65
M,Zimmi,2016,L1,Level 1 Language,Language,L1,38.7
F,Zimmi,2016,L1,Level 1 Mathematics,Mathematics,L1,99.12
F,Zimmi,2016,L1,Level 1 Language,Language,L1,70.55
M,Zimmi,2016,L1,Level 1 Mathematics,Mathematics,L1,59.13
M,Zimmi,2016,L1,Level 1 Language,Language,L1,58.8
F,Zimmi,2016,L1,Level 1 Mathematics,Mathematics,L1,30.42
F,Zimmi,2016,L1,Level 1 Language,Language,L1,25.8
M,Zimmi,2016,L1,Level 1 Mathematics,Mathematics,L1,83.52
M,Zimmi,2016,L1,Level 1 Language,Language,L1,81.6
F,Zimmi,2016,L1,Level 1 Mathematics,Mathematics,L1,100
F,Zimmi,2016,L1,Level 1 Language,Language,L1,81
F,Zimmi,2016,L1,Level 1 Language,Language,L1,63.75
F,Zimmi,2016,L1,Level 1 Mathematics,Mathematics,L1,47.04
F,Zimmi,2016,L1,Level 1 Mathematics,Mathematics,L1,79.35
F,Zimmi,2016,L1,Level 1 Language,Language,L1,62.3
F,Zimmi,2016,L1,Level 1 Mathematics,Mathematics,L1,73.6
F,Zimmi,2016,L1,Level 1 Language,Language,L1,91.2
M,Zimmi,2016,L1,Level 1 Mathematics,Mathematics,L1,53.95
M,Zimmi,2016,L1,Level 1 Language,Language,L1,54.45
M,Zimmi,2016,L1,Level 1 Mathematics,Mathematics,L1,56.43
M,Zimmi,2016,L1,Level 1 Language,Language,L1,58
F,Zimmi,2016,L1,Level 1 Mathematics,Mathematics,L1,86.24
F,Zimmi,2016,L1,Level 1 Language,Language,L1,95.2
M,Zimmi,2016,L1,Level 1 Mathematics,Mathematics,L1,85.12
M,Zimmi,2016,L1,Level 1 Language,Language,L1,40
M,Zimmi,2016,L1,Level 1 Mathematics,Mathematics,L1,68.31
M,Zimmi,2016,L1,Level 1 Language,Language,L1,39.55
M,Zimmi,2016,L1,Level 1 Mathematics,Mathematics,L1,82.84
M,Zimmi,2016,L1,Level 1 Language,Language,L1,72
M,Zimmi,2016,L1,Level 1 Mathematics,Mathematics,L1,61.1
M,Zimmi,2016,L1,Level 1 Language,Language,L1,66.3
F,Zimmi,2016,L1,Level 1 Mathematics,Mathematics,L1,47.88
F,Zimmi,2016,L1,Level 1 Language,Language,L1,22.2
M,Zimmi,2016,L1,Level 1 Mathematics,Mathematics,L1,67.62
M,Zimmi,2016,L1,Level 1 Language,Language,L1,69
M,Zimmi,2016,L2,Level 2 Mathematics,Mathematics,L2,62.05
F,Zimmi,2016,L2,Level 2 Mathematics,Mathematics,L2,81.03
M,Zimmi,2016,L2,Level 2 Mathematics,Mathematics,L2,69.69
F,Zimmi,2016,L2,Level 2 Mathematics,Mathematics,L2,73.83
F,Zimmi,2016,L2,Level 2 Mathematics,Mathematics,L2,78.66
M,Zimmi,2016,L2,Level 2 Mathematics,Mathematics,L2,61.75
F,Zimmi,2016,L2,Level 2 Mathematics,Mathematics,L2,61.75
M,Zimmi,2016,L2,Level 2 Mathematics,Mathematics,L2,58.5
M,Zimmi,2016,L2,Level 2 Mathematics,Mathematics,L2,55.9
M,Zimmi,2016,L2,Level 2 Mathematics,Mathematics,L2,74.75
M,Zimmi,2016,L2,Level 2 Mathematics,Mathematics,L2,62.4
F,Zimmi,2016,L2,Level 2 Mathematics,Mathematics,L2,50.16
F,Zimmi,2016,L2,Level 2 Mathematics,Mathematics,L2,67.83
F,Zimmi,2016,L2,Level 2 Mathematics,Mathematics,L2,51.41
M,Zimmi,2016,L2,Level 2 Language,Language,L2,80.92
F,Zimmi,2016,L2,Level 2 Language,Language,L2,69.44
F,Zimmi,2016,L2,Level 2 Language,Language,L2,65.1
F,Zimmi,2016,L2,Level 2 Language,Language,L2,66.34
F,Zimmi,2016,L2,Level 2 Language,Language,L2,66.34
F,Zimmi,2016,L2,Level 2 Language,Language,L2,59.36
F,Zimmi,2016,L2,Level 2 Language,Language,L2,62.72
M,Zimmi,2016,L2,Level 2 Language,Language,L2,47.6
F,Zimmi,2016,L2,Level 2 Language,Language,L2,61.6
M,Zimmi,2016,L2,Level 2 Language,Language,L2,63.84
M,Zimmi,2016,L2,Level 2 Language,Language,L2,46.48
M,Zimmi,2016,L2,Level 2 Language,Language,L2,45
M,Zimmi,2016,L2,Level 2 Language,Language,L2,45.5
F,Zimmi,2016,L2,Level 2 Language,Language,L2,48.5
M,Zimmi,2016,L2,Level 2 Language,Language,L2,53.5
M,Zimmi,2016,L1A,Level 1A Mathematics,Mathematics,L1A,81.34
M,Zimmi,2016,L1A,Level 1A Language,Language,L1A,68
M,Zimmi,2016,L1A,Level 1A Mathematics,Mathematics,L1A,66
M,Zimmi,2016,L1A,Level 1A Language,Language,L1A,95.46
M,Zimmi,2016,L1A,Level 1A Mathematics,Mathematics,L1A,95.55
M,Zimmi,2016,L1A,Level 1A Language,Language,L1A,79.12
M,Zimmi,2016,L1A,Level 1A Mathematics,Mathematics,L1A,73.92
M,Zimmi,2016,L1A,Level 1A Language,Language,L1A,76.8
F,Zimmi,2016,L1A,Level 1A Mathematics,Mathematics,L1A,68.6
F,Zimmi,2016,L1A,Level 1A Language,Language,L1A,100
M,Zimmi,2016,L1A,Level 1A Mathematics,Mathematics,L1A,60.76
M,Zimmi,2016,L1A,Level 1A Language,Language,L1A,66
M,Zimmi,2016,L1A,Level 1A Mathematics,Mathematics,L1A,81.34
M,Zimmi,2016,L1A,Level 1A Language,Language,L1A,76.54
F,Zimmi,2016,L1A,Level 1A Mathematics,Mathematics,L1A,70.55
F,Zimmi,2016,L1A,Level 1A Language,Language,L1A,84
M,Zimmi,2016,L1A,Level 1A Mathematics,Mathematics,L1A,61.5
M,Zimmi,2016,L1A,Level 1A Language,Language,L1A,92.88
F,Zimmi,2016,L1A,Level 1A Mathematics,Mathematics,L1A,64.78
F,Zimmi,2016,L1A,Level 1A Language,Language,L1A,86
M,Zimmi,2016,L1A,Level 1A Mathematics,Mathematics,L1A,65.57
M,Zimmi,2016,L1A,Level 1A Language,Language,L1A,78.12
M,Zimmi,2016,L1A,Level 1A Mathematics,Mathematics,L1A,76.3
M,Zimmi,2016,L1A,Level 1A Language,Language,L1A,63.6
M,Zimmi,2016,L1A,Level 1A Mathematics,Mathematics,L1A,53.36
M,Zimmi,2016,L1A,Level 1A Language,Language,L1A,83.42
M,Zimmi,2016,L1A,Level 1A Mathematics,Mathematics,L1A,56.76
M,Zimmi,2016,L1A,Level 1A Language,Language,L1A,95.2
M,Zimmi,2016,L1A,Level 1A Mathematics,Mathematics,L1A,78
M,Zimmi,2016,L1A,Level 1A Language,Language,L1A,59.86
F,Zimmi,2016,L1A,Level 1A Mathematics,Mathematics,L1A,75.75
F,Zimmi,2016,L1A,Level 1A Language,Language,L1A,87
M,Zimmi,2016,L1A,Level 1A Language,Language,L1A,73.96
M,Zimmi,2016,L1A,Level 1A Mathematics,Mathematics,L1A,23.78
M,Zimmi,2016,L1A,Level 1A Mathematics,Mathematics,L1A,58.08
M,Zimmi,2016,L1A,Level 1A Language,Language,L1A,98
M,Zimmi,2016,L1A,Level 1A Mathematics,Mathematics,L1A,71.4
M,Zimmi,2016,L1A,Level 1A Language,Language,L1A,100
F,Zimmi,2016,L1A,Level 1A Mathematics,Mathematics,L1A,80.99
F,Zimmi,2016,L1A,Level 1A Language,Language,L1A,100
F,Zimmi,2016,L1A,Level 1A Mathematics,Mathematics,L1A,80.99
F,Zimmi,2016,L1A,Level 1A Language,Language,L1A,96
M,Zimmi,2016,L1A,Level 1A Mathematics,Mathematics,L1A,84.66
M,Zimmi,2016,L1A,Level 1A Language,Language,L1A,81
M,Zimmi,2016,L1A,Level 1A Mathematics,Mathematics,L1A,72.75
M,Zimmi,2016,L1A,Level 1A Language,Language,L1A,100
F,Zimmi,2016,L1A,Level 1A Mathematics,Mathematics,L1A,64.02
F,Zimmi,2016,L1A,Level 1A Language,Language,L1A,98
F,Zimmi,2016,L1A,Level 1A Mathematics,Mathematics,L1A,64.5
F,Zimmi,2016,L1A,Level 1A Language,Language,L1A,71.54
M,Zimmi,2016,L1A,Level 1A Mathematics,Mathematics,L1A,57.4
M,Zimmi,2016,L1A,Level 1A Language,Language,L1A,91
M,Zimmi,2016,L1A,Level 1A Mathematics,Mathematics,L1A,72.68
M,Zimmi,2016,L1A,Level 1A Language,Language,L1A,87
F,Zimmi,2016,L1A,Level 1A Mathematics,Mathematics,L1A,66.5
F,Zimmi,2016,L1A,Level 1A Language,Language,L1A,81.7
F,Zimmi,2016,L1A,Level 1A Mathematics,Mathematics,L1A,66
F,Zimmi,2016,L1A,Level 1A Language,Language,L1A,84
F,Zimmi,2016,L1A,Level 1A Mathematics,Mathematics,L1A,88.81
F,Zimmi,2016,L1A,Level 1A Language,Language,L1A,91
M,Zimmi,2016,L1A,Level 1A Mathematics,Mathematics,L1A,53.46
M,Zimmi,2016,L1A,Level 1A Language,Language,L1A,49.29
M,Zimmi,2016,L1A,Level 1A Mathematics,Mathematics,L1A,74.7
M,Zimmi,2016,L1A,Level 1A Language,Language,L1A,100
M,Zimmi,2016,L1A,Level 1A Mathematics,Mathematics,L1A,57.66
M,Zimmi,2016,L1A,Level 1A Language,Language,L1A,86.4
M,Zimmi,2016,L1A,Level 1A Language,Language,L1A,84.28
M,Zimmi,2016,L1A,Level 1A Mathematics,Mathematics,L1A,55.5
M,Zimmi,2016,L1A,Level 1A Mathematics,Mathematics,L1A,57.42
M,Zimmi,2016,L1A,Level 1A Language,Language,L1A,85
M,Zimmi,2016,L1A,Level 1A Mathematics,Mathematics,L1A,74.7
M,Zimmi,2016,L1A,Level 1A Language,Language,L1A,89
M,Zimmi,2016,L1A,Level 1A Mathematics,Mathematics,L1A,54.12
M,Zimmi,2016,L1A,Level 1A Language,Language,L1A,85
F,Zimmi,2016,L1A,Level 1A Mathematics,Mathematics,L1A,54.78
F,Zimmi,2016,L1A,Level 1A Language,Language,L1A,88
M,Zimmi,2016,L1A,Level 1A Mathematics,Mathematics,L1A,91.91
M,Zimmi,2016,L1A,Level 1A Language,Language,L1A,100
F,Zimmi,2016,L1A,Level 1A Mathematics,Mathematics,L1A,72.8
F,Zimmi,2016,L1A,Level 1A Language,Language,L1A,100
M,Zimmi,2016,L1A,Level 1A Language,Language,L1A,98
M,Zimmi,2016,L1A,Level 1A Mathematics,Mathematics,L1A,52.78
M,Zimmi,2016,L1A,Level 1A Mathematics,Mathematics,L1A,84.75
M,Zimmi,2016,L1A,Level 1A Language,Language,L1A,100
F,Zimmi,2016,L1A,Level 1A Mathematics,Mathematics,L1A,96.28
F,Zimmi,2016,L1A,Level 1A Language,Language,L1A,90
F,Zimmi,2016,L1A,Level 1A Mathematics,Mathematics,L1A,79.8
F,Zimmi,2016,L1A,Level 1A Language,Language,L1A,77.4
F,Zimmi,2016,L1A,Level 1A Mathematics,Mathematics,L1A,63
F,Zimmi,2016,L1A,Level 1A Language,Language,L1A,96.32
M,Zimmi,2016,L1A,Level 1A Mathematics,Mathematics,L1A,79.1
M,Zimmi,2016,L1A,Level 1A Language,Language,L1A,100
F,Zimmi,2016,L1A,Level 1A Mathematics,Mathematics,L1A,94.8
F,Zimmi,2016,L1A,Level 1A Language,Language,L1A,92.88
F,Zimmi,2016,L1A,Level 1A Mathematics,Mathematics,L1A,74.82
F,Zimmi,2016,L1A,Level 1A Language,Language,L1A,84.63
F,Zimmi,2016,L1A,Level 1A Mathematics,Mathematics,L1A,81.2
F,Zimmi,2016,L1A,Level 1A Language,Language,L1A,100
F,Zimmi,2016,L1A,Level 1A Mathematics,Mathematics,L1A,70.5
F,Zimmi,2016,L1A,Level 1A Language,Language,L1A,100
F,Zimmi,2016,L1A,Level 1A Mathematics,Mathematics,L1A,65.1
F,Zimmi,2016,L1A,Level 1A Language,Language,L1A,100
F,Zimmi,2016,L1A,Level 1A Mathematics,Mathematics,L1A,83.25
F,Jendema,2016,L1A,Level 1A Language,Language,L1A,85.56
M,Jendema,2016,L1A,Level 1A Language,Language,L1A,48.76
F,Jendema,2016,L1A,Level 1A Language,Language,L1A,90.3
M,Jendema,2016,L1A,Level 1A Language,Language,L1A,74.58
M,Jendema,2016,L1A,Level 1A Language,Language,L1A,76.54
M,Jendema,2016,L1A,Level 1A Language,Language,L1A,84
M,Jendema,2016,L1A,Level 1A Language,Language,L1A,80
M,Jendema,2016,L1A,Level 1A Language,Language,L1A,42.8
M,Jendema,2016,L1A,Level 1A Language,Language,L1A,83.95
M,Jendema,2016,L1A,Level 1A Language,Language,L1A,93
F,Jendema,2016,L1A,Level 1A Language,Language,L1A,51.52
F,Jendema,2016,L1A,Level 1A Language,Language,L1A,100
F,Jendema,2016,L1A,Level 1A Language,Language,L1A,74.4
M,Jendema,2016,L1A,Level 1A Language,Language,L1A,91
M,Jendema,2016,L1A,Level 1A Language,Language,L1A,99.51
M,Jendema,2016,L1A,Level 1A Language,Language,L1A,84.28
F,Jendema,2016,L1A,Level 1A Language,Language,L1A,0.736666667
M,Jendema,2016,L1A,Level 1A Language,Language,L1A,70.62
F,Jendema,2016,L1A,Level 1A Language,Language,L1A,73.6
F,Jendema,2016,L1A,Level 1A Language,Language,L1A,68.8
M,Jendema,2016,L1A,Level 1A Language,Language,L1A,94.4
M,Jendema,2016,L1A,Level 1A Language,Language,L1A,84
M,Jendema,2016,L1A,Level 1A Language,Language,L1A,94
M,Jendema,2016,L1A,Level 1A Language,Language,L1A,75.33
F,Jendema,2016,L1A,Level 1A Language,Language,L1A,97.18
M,Jendema,2016,L1A,Level 1A Language,Language,L1A,82
M,Jendema,2016,L1A,Level 1A Language,Language,L1A,98.04
M,Jendema,2016,L1A,Level 1A Language,Language,L1A,71.38
M,Jendema,2016,L1A,Level 1A Language,Language,L1A,85.6
F,Jendema,2016,L1A,Level 1A Language,Language,L1A,68.4
F,Jendema,2016,L1A,Level 1A Language,Language,L1A,74.82
M,Jendema,2016,L1A,Level 1A Language,Language,L1A,69.66
M,Jendema,2016,L1A,Level 1A Language,Language,L1A,100
M,Jendema,2016,L1A,Level 1A Language,Language,L1A,59.86
F,Jendema,2016,L1A,Level 1A Language,Language,L1A,83.7
F,Jendema,2016,L1A,Level 1A Language,Language,L1A,98
M,Jendema,2016,L1A,Level 1A Language,Language,L1A,69.66
F,Jendema,2016,L1A,Level 1A Language,Language,L1A,89
M,Jendema,2016,L1A,Level 1A Language,Language,L1A,85.41
F,Jendema,2016,L1A,Level 1A Language,Language,L1A,1.12
M,Jendema,2016,L1A,Level 1A Language,Language,L1A,67.16
F,Jendema,2016,L1A,Level 1A Language,Language,L1A,89.44
F,Jendema,2016,L1A,Level 1A Language,Language,L1A,100
F,Jendema,2016,L1A,Level 1A Language,Language,L1A,73.6
F,Jendema,2016,L1A,Level 1A Mathematics,Mathematics,L1A,100
M,Jendema,2016,L1A,Level 1A Mathematics,Mathematics,L1A,70.06
F,Jendema,2016,L1A,Level 1A Mathematics,Mathematics,L1A,91.3
M,Jendema,2016,L1A,Level 1A Mathematics,Mathematics,L1A,75.24
M,Jendema,2016,L1A,Level 1A Mathematics,Mathematics,L1A,74.2
M,Jendema,2016,L1A,Level 1A Mathematics,Mathematics,L1A,22.5
M,Jendema,2016,L1A,Level 1A Mathematics,Mathematics,L1A,70.7
M,Jendema,2016,L1A,Level 1A Mathematics,Mathematics,L1A,33.35
M,Jendema,2016,L1A,Level 1A Mathematics,Mathematics,L1A,98.28
M,Jendema,2016,L1A,Level 1A Mathematics,Mathematics,L1A,100
F,Jendema,2016,L1A,Level 1A Mathematics,Mathematics,L1A,77.19
F,Jendema,2016,L1A,Level 1A Mathematics,Mathematics,L1A,77.43
F,Jendema,2016,L1A,Level 1A Mathematics,Mathematics,L1A,69.75
M,Jendema,2016,L1A,Level 1A Mathematics,Mathematics,L1A,93.09
M,Jendema,2016,L1A,Level 1A Mathematics,Mathematics,L1A,71.89
M,Jendema,2016,L1A,Level 1A Mathematics,Mathematics,L1A,50.76
F,Jendema,2016,L1A,Level 1A Mathematics,Mathematics,L1A,73.95
M,Jendema,2016,L1A,Level 1A Mathematics,Mathematics,L1A,46.4
F,Jendema,2016,L1A,Level 1A Mathematics,Mathematics,L1A,79.79
F,Jendema,2016,L1A,Level 1A Mathematics,Mathematics,L1A,70
M,Jendema,2016,L1A,Level 1A Mathematics,Mathematics,L1A,84.66
M,Jendema,2016,L1A,Level 1A Mathematics,Mathematics,L1A,78.02
M,Jendema,2016,L1A,Level 1A Mathematics,Mathematics,L1A,93.96
M,Jendema,2016,L1A,Level 1A Mathematics,Mathematics,L1A,95.7
F,Jendema,2016,L1A,Level 1A Mathematics,Mathematics,L1A,64.4
M,Jendema,2016,L1A,Level 1A Mathematics,Mathematics,L1A,82.17
M,Jendema,2016,L1A,Level 1A Mathematics,Mathematics,L1A,78.21
M,Jendema,2016,L1A,Level 1A Mathematics,Mathematics,L1A,93.09
M,Jendema,2016,L1A,Level 1A Mathematics,Mathematics,L1A,81.78
F,Jendema,2016,L1A,Level 1A Mathematics,Mathematics,L1A,79
F,Jendema,2016,L1A,Level 1A Mathematics,Mathematics,L1A,82.6
M,Jendema,2016,L1A,Level 1A Mathematics,Mathematics,L1A,85.5
M,Jendema,2016,L1A,Level 1A Mathematics,Mathematics,L1A,57.66
F,Jendema,2016,L1A,Level 1A Mathematics,Mathematics,L1A,84.39
F,Jendema,2016,L1A,Level 1A Mathematics,Mathematics,L1A,68.6
M,Jendema,2016,L1A,Level 1A Mathematics,Mathematics,L1A,92.96
F,Jendema,2016,L1A,Level 1A Mathematics,Mathematics,L1A,93.1
M,Jendema,2016,L1A,Level 1A Mathematics,Mathematics,L1A,84
F,Jendema,2016,L1A,Level 1A Mathematics,Mathematics,L1A,73.87
M,Jendema,2016,L1A,Level 1A Mathematics,Mathematics,L1A,88.48
F,Jendema,2016,L1A,Level 1A Mathematics,Mathematics,L1A,60.75
F,Jendema,2016,L1A,Level 1A Mathematics,Mathematics,L1A,74.62
